A,0.0,0.0,0.0,-0.22624705731868744,-0.11371775716543198,-0.04665232449769974,-0.41681551933288574,-0.4449895918369293,-0.05808570608496666,-0.460462749004364,-0.80087810754776,-0.07635029405355453,-0.3713816702365875,-1.0,-0.0846247673034668,-0.28426316380500793,-0.7140809893608093,0.03126754239201546,-0.33379003405570984,-0.8829248547554016,-0.0595325343310833,-0.2839260399341583,-0.6373103260993958,-0.11303350329399109,-0.2321188598871231,-0.44462743401527405,-0.132402241230011,-0.15764428675174713,-0.7585249543190002,0.02072022669017315,-0.2141565978527069,-0.8813351988792419,-0.0890602394938469,-0.1550787389278412,-0.5730174779891968,-0.11956768482923508,-0.10194426774978638,-0.3673884868621826,-0.1070898175239563,-0.03626058250665665,-0.7791066765785217,-0.0074361879378557205,-0.10066889971494675,-0.8685540556907654,-0.11440055072307587,-0.05803603678941727,-0.5447506904602051,-0.09062047302722931,-0.021351944655179977,-0.33302775025367737,-0.03807467594742775,0.08823296427726746,-0.7672524452209473,-0.04073448106646538,0.013460798189043999,-0.8320222496986389,-0.10317583382129669,0.02852145954966545,-0.5871307253837585,-0.07547938823699951,0.057357724756002426,-0.43327799439430237,-0.0325084887444973
A,0.0,0.0,0.0,-0.19900231063365936,-0.16798341274261475,-0.03890296071767807,-0.3490142524242401,-0.48030054569244385,-0.05255994573235512,-0.3776583671569824,-0.7998477816581726,-0.07335632294416428,-0.29709580540657043,-1.0,-0.08558470755815506,-0.2244497686624527,-0.7289681434631348,0.03095030039548874,-0.26639845967292786,-0.8679547309875488,-0.051971323788166046,-0.22739601135253906,-0.6547756791114807,-0.10579429566860199,-0.19172431528568268,-0.47907474637031555,-0.12688115239143372,-0.11071285605430603,-0.7529278993606567,0.019933314993977547,-0.15751737356185913,-0.8601897954940796,-0.07957760244607925,-0.11390737444162369,-0.5728466510772705,-0.11245144158601761,-0.07994319498538971,-0.36381635069847107,-0.1043778732419014,0.0020036674104630947,-0.7518494129180908,-0.005893509369343519,-0.04569649696350098,-0.821790337562561,-0.1026618629693985,-0.023923102766275406,-0.5242405533790588,-0.0865558311343193,-0.006442907266318798,-0.31101086735725403,-0.0415642075240612,0.1138480007648468,-0.718626856803894,-0.03567076474428177,0.05487640202045441,-0.7714648246765137,-0.09110533446073532,0.051268890500068665,-0.5524228811264038,-0.06755701452493668,0.06349176168441772,-0.40289705991744995,-0.028504684567451477
A,0.0,0.0,0.0,-0.1959577351808548,-0.16067780554294586,-0.04322391375899315,-0.3459335267543793,-0.4776315689086914,-0.053119659423828125,-0.36697280406951904,-0.8003935813903809,-0.06914516538381577,-0.29142752289772034,-1.0,-0.07518187910318375,-0.2186368852853775,-0.719635009765625,0.04019303619861603,-0.2543339133262634,-0.8525832891464233,-0.03616204857826233,-0.2088969349861145,-0.6328430771827698,-0.08702217042446136,-0.17222526669502258,-0.4536619484424591,-0.10709454864263535,-0.10603459179401398,-0.7459108829498291,0.0341939702630043,-0.14692404866218567,-0.8390781879425049,-0.057845715433359146,-0.09660357981920242,-0.5612842440605164,-0.09109485149383545,-0.06203531473875046,-0.3572714924812317,-0.08578496426343918,0.0011427166173234582,-0.7472004294395447,0.012201527133584023,-0.03946225717663765,-0.8076412677764893,-0.07939238846302032,-0.013372551649808884,-0.5213193893432617,-0.0663013607263565,0.003187578171491623,-0.3100908100605011,-0.025638258084654808,0.10577618330717087,-0.714737594127655,-0.014604153111577034,0.05733295530080795,-0.7625719904899597,-0.07141559571027756,0.0582769475877285,-0.5490042567253113,-0.05328621715307236,0.07073866575956345,-0.3947007954120636,-0.018668200820684433
A,0.0,0.0,0.0,-0.18759655952453613,-0.1564318984746933,-0.051265861839056015,-0.3316361606121063,-0.48223137855529785,-0.06424520909786224,-0.3545745611190796,-0.8112213015556335,-0.08010414987802505,-0.2708761394023895,-1.0,-0.08466009795665741,-0.2036885917186737,-0.7275925874710083,0.024463796988129616,-0.23837901651859283,-0.8567866086959839,-0.05032123625278473,-0.20176461338996887,-0.6323362588882446,-0.0951029360294342,-0.17423254251480103,-0.4664032459259033,-0.11194158345460892,-0.09007134288549423,-0.7557617425918579,0.02218603529036045,-0.13462449610233307,-0.8391600847244263,-0.06720415502786636,-0.09378733485937119,-0.5583292245864868,-0.0950501337647438,-0.06674708425998688,-0.36844685673713684,-0.08685129135847092,0.020054372027516365,-0.7527756094932556,0.0042844507843256,-0.021175172179937363,-0.7981869578361511,-0.086685910820961,-0.0035404979716986418,-0.5072564482688904,-0.07095350325107574,0.005823914427310228,-0.30409175157546997,-0.02917657233774662,0.12724213302135468,-0.715325653553009,-0.018724510446190834,0.07628396153450012,-0.7507893443107605,-0.07458864152431488,0.07150566577911377,-0.5344407558441162,-0.055355004966259,0.07926589995622635,-0.3866221010684967,-0.020473958924412727
A,0.0,0.0,0.0,-0.192361980676651,-0.15449616312980652,-0.058029547333717346,-0.3363228440284729,-0.49050799012184143,-0.07206249237060547,-0.3526986837387085,-0.8221297860145569,-0.08701062947511673,-0.26416894793510437,-1.0,-0.0904931053519249,-0.20177409052848816,-0.7536285519599915,0.018846899271011353,-0.23469960689544678,-0.8473942279815674,-0.05830083042383194,-0.19653117656707764,-0.6192176342010498,-0.10617117583751678,-0.16696330904960632,-0.46305161714553833,-0.12578409910202026,-0.08546606451272964,-0.7883264422416687,0.019838673993945122,-0.12638404965400696,-0.8297582864761353,-0.06917742639780045,-0.08767446130514145,-0.5395712852478027,-0.09605813026428223,-0.05936875939369202,-0.35905101895332336,-0.08797567337751389,0.026354955509305,-0.783990740776062,0.004169276915490627,-0.010572654195129871,-0.7845478057861328,-0.08664289116859436,0.001245955005288124,-0.486925333738327,-0.06975188106298447,0.00935112964361906,-0.2923448979854584,-0.028044622391462326,0.13262245059013367,-0.7418773770332336,-0.017729617655277252,0.08460689336061478,-0.7384039759635925,-0.07169009745121002,0.07530934363603592,-0.5203068256378174,-0.052143506705760956,0.08301911503076553,-0.3856964707374573,-0.01782473549246788
A,0.0,0.0,0.0,-0.19094935059547424,-0.143303781747818,-0.06095843389630318,-0.3363212049007416,-0.4923010766506195,-0.07750777155160904,-0.35165277123451233,-0.8231106400489807,-0.09271080046892166,-0.2616886794567108,-1.0,-0.09614042937755585,-0.19208259880542755,-0.764281690120697,-0.003522178390994668,-0.22372117638587952,-0.839217483997345,-0.08062408119440079,-0.18146537244319916,-0.612230658531189,-0.12704823911190033,-0.15310636162757874,-0.4266315698623657,-0.14508827030658722,-0.07480762898921967,-0.8046208620071411,-5.005305865779519e-05,-0.11550609022378922,-0.812921941280365,-0.08856511116027832,-0.07046148926019669,-0.5244641304016113,-0.11335455626249313,-0.04124234616756439,-0.3183359205722809,-0.10440168529748917,0.037013452500104904,-0.7996523380279541,-0.011512614786624908,-0.003758536884561181,-0.7647901773452759,-0.10051437467336655,0.01478416658937931,-0.472260445356369,-0.08432114869356155,0.022840218618512154,-0.26136693358421326,-0.04429738596081734,0.1415593922138214,-0.7517912983894348,-0.029674261808395386,0.09754098951816559,-0.7203254699707031,-0.08971603959798813,0.090974822640419,-0.4994830787181854,-0.07482559978961945,0.09521783888339996,-0.3489590585231781,-0.0427493080496788
A,0.0,0.0,0.0,-0.1907380074262619,-0.1533275991678238,-0.06590200215578079,-0.33464500308036804,-0.4962494373321533,-0.08291741460561752,-0.3504376709461212,-0.8351998925209045,-0.0977010652422905,-0.2483060508966446,-1.0,-0.09948580712080002,-0.18915872275829315,-0.7873573899269104,0.0013396987924352288,-0.22437714040279388,-0.8653982877731323,-0.07144991308450699,-0.18945840001106262,-0.6373382806777954,-0.11342962086200714,-0.1656290739774704,-0.47714900970458984,-0.12993420660495758,-0.07145977765321732,-0.8303579688072205,0.006721127778291702,-0.1137559562921524,-0.8368422985076904,-0.07686755806207657,-0.07797829061746597,-0.5463683009147644,-0.09852797538042068,-0.05498318374156952,-0.3637569844722748,-0.08831790089607239,0.04180941358208656,-0.8251267671585083,-0.0038545839488506317,0.002891115378588438,-0.7775298953056335,-0.09007599204778671,0.011426798067986965,-0.48127084970474243,-0.0725056603550911,0.013761768117547035,-0.2839127480983734,-0.03210824728012085,0.14895093441009521,-0.7741665840148926,-0.021747052669525146,0.10516407340765,-0.7368958592414856,-0.07553946226835251,0.09072496742010117,-0.5172330737113953,-0.058045946061611176,0.09060506522655487,-0.3761882483959198,-0.025378156453371048
A,0.0,0.0,0.0,-0.19278353452682495,-0.1461089700460434,-0.06928709894418716,-0.3402167856693268,-0.4986993074417114,-0.08749308437108994,-0.35523614287376404,-0.8287050724029541,-0.10041824728250504,-0.2574283182621002,-1.0,-0.10084056109189987,-0.19969432055950165,-0.7969046831130981,-0.021135400980710983,-0.2228715866804123,-0.8521583080291748,-0.09238587319850922,-0.1786840260028839,-0.6293555498123169,-0.1337161660194397,-0.15288107097148895,-0.44390347599983215,-0.15017294883728027,-0.07734646648168564,-0.8535009026527405,-0.012732944451272488,-0.10646843910217285,-0.8163947463035583,-0.09400544315576553,-0.06415358185768127,-0.5333983302116394,-0.11688379943370819,-0.042088501155376434,-0.3241156339645386,-0.10944951325654984,0.03910360112786293,-0.8506847023963928,-0.0180739164352417,0.008803105913102627,-0.7549747824668884,-0.09856932610273361,0.02210048958659172,-0.47340303659439087,-0.08366896957159042,0.02101958729326725,-0.26203811168670654,-0.048820577561855316,0.1456597000360489,-0.7950660586357117,-0.03135053813457489,0.11540216952562332,-0.7066037058830261,-0.08904983103275299,0.10223403573036194,-0.4822707772254944,-0.07713864743709564,0.09507007151842117,-0.3249872028827667,-0.04876495897769928
A,0.0,0.0,0.0,-0.20856072008609772,-0.1666591614484787,-0.07430591434240341,-0.3627607226371765,-0.5036486983299255,-0.09753397852182388,-0.3849422037601471,-0.8339306116104126,-0.11736706644296646,-0.28390979766845703,-1.0,-0.12402410805225372,-0.2259618639945984,-0.8108873963356018,-0.00561186159029603,-0.2550681531429291,-0.87270587682724,-0.08485215157270432,-0.20816871523857117,-0.6418619155883789,-0.13514845073223114,-0.18134057521820068,-0.4546221196651459,-0.1554938554763794,-0.1049899309873581,-0.8616728782653809,0.0026657069101929665,-0.1357007920742035,-0.8391804099082947,-0.08775697648525238,-0.09178448468446732,-0.546491801738739,-0.1187594011425972,-0.069711834192276,-0.33526375889778137,-0.11343469470739365,0.012636835686862469,-0.8567296862602234,-0.0049613406881690025,-0.017967108637094498,-0.7938682436943054,-0.09781018644571304,-0.002429346553981304,-0.4953061640262604,-0.08505024015903473,7.815544813638553e-05,-0.27569183707237244,-0.045152172446250916,0.12084507942199707,-0.8050991892814636,-0.020428769290447235,0.08493927121162415,-0.7670870423316956,-0.08336897939443588,0.07827030122280121,-0.5351693630218506,-0.0667559877038002,0.07876834273338318,-0.3704310655593872,-0.031212886795401573
A,0.0,0.0,0.0,-0.20344321429729462,-0.1357133984565735,-0.0762156993150711,-0.364449679851532,-0.47341787815093994,-0.09777574241161346,-0.39330539107322693,-0.811501681804657,-0.11343111842870712,-0.3001325726509094,-1.0,-0.11467910557985306,-0.23030167818069458,-0.7952569723129272,-0.019003892317414284,-0.26361557841300964,-0.8614940643310547,-0.09791631251573563,-0.2138632833957672,-0.6320708990097046,-0.14132149517536163,-0.18660810589790344,-0.44012579321861267,-0.15690171718597412,-0.10641902685165405,-0.8617191910743713,-0.009372959844768047,-0.14505332708358765,-0.8309257626533508,-0.09949547797441483,-0.09586898982524872,-0.5385509729385376,-0.12444813549518585,-0.06762968748807907,-0.3340680003166199,-0.11576064676046371,0.015469617210328579,-0.8674220442771912,-0.015363219194114208,-0.02178214304149151,-0.7827226519584656,-0.10798066854476929,0.00024031632347032428,-0.4828108549118042,-0.09178923815488815,0.00670071505010128,-0.2695726752281189,-0.05167242884635925,0.12965314090251923,-0.8205585479736328,-0.029488882049918175,0.09174370020627975,-0.7385371327400208,-0.0943705290555954,0.08477503806352615,-0.5035049915313721,-0.08061573654413223,0.08457361161708832,-0.35090312361717224,-0.04812789335846901
A,0.0,0.0,0.0,-0.2010078728199005,-0.13793620467185974,-0.07703786343336105,-0.3587307631969452,-0.47719573974609375,-0.10095302015542984,-0.3932364881038666,-0.8158550262451172,-0.11846799403429031,-0.3062213361263275,-1.0,-0.12033068388700485,-0.2253994643688202,-0.8225330710411072,-0.020887481048703194,-0.2715628147125244,-0.8438475728034973,-0.10058193653821945,-0.20921476185321808,-0.6023650169372559,-0.14801034331321716,-0.16944770514965057,-0.41640177369117737,-0.16647472977638245,-0.10835891216993332,-0.8944951295852661,-0.009471901692450047,-0.14944355189800262,-0.8107394576072693,-0.09732867777347565,-0.09176920354366302,-0.5153089761734009,-0.12347875535488129,-0.057600006461143494,-0.31849226355552673,-0.1164846420288086,0.0072733741253614426,-0.8905596137046814,-0.012984960339963436,-0.02987593412399292,-0.7613018155097961,-0.0966627299785614,-0.0009745598072186112,-0.46659746766090393,-0.07728482037782669,0.013520670123398304,-0.26660820841789246,-0.0371733121573925,0.11614936590194702,-0.8355002403259277,-0.025772664695978165,0.07698673754930496,-0.7235384583473206,-0.08039847016334534,0.07306773215532303,-0.4988996684551239,-0.0639360174536705,0.08060012757778168,-0.35981595516204834,-0.031120656058192253
A,0.0,0.0,0.0,-0.22172431647777557,-0.13689881563186646,-0.07178236544132233,-0.38980555534362793,-0.4526456296443939,-0.09553739428520203,-0.4218270778656006,-0.7949494123458862,-0.1163681298494339,-0.3372269868850708,-1.0,-0.12266899645328522,-0.25784745812416077,-0.8079841136932373,-0.005486097186803818,-0.3159235417842865,-0.8420111536979675,-0.09041547775268555,-0.2514154314994812,-0.5941694378852844,-0.14257743954658508,-0.20614200830459595,-0.39922788739204407,-0.1624280959367752,-0.13564665615558624,-0.8778628706932068,0.0020732611883431673,-0.1900205761194229,-0.8184419274330139,-0.09493096172809601,-0.12702274322509766,-0.5181609988212585,-0.1262415200471878,-0.08861518651247025,-0.3098047375679016,-0.12014546990394592,-0.017001206055283546,-0.8811940550804138,-0.006592482794076204,-0.06453454494476318,-0.7811465263366699,-0.10313450545072556,-0.028926875442266464,-0.4789138734340668,-0.08778664469718933,-0.008883362635970116,-0.26357847452163696,-0.045681361109018326,0.09577175229787827,-0.8337981104850769,-0.023639852181077003,0.05167887732386589,-0.741824209690094,-0.08963563293218613,0.05223146453499794,-0.5058016180992126,-0.07615990191698074,0.060907889157533646,-0.3474179208278656,-0.042421646416187286
A,0.0,0.0,0.0,-0.22194691002368927,-0.1464582234621048,-0.06021646782755852,-0.3856296241283417,-0.4470088481903076,-0.07990270853042603,-0.40768393874168396,-0.7956335544586182,-0.10165516287088394,-0.3188689053058624,-1.0,-0.11108655482530594,-0.24689361453056335,-0.7105001211166382,0.013763303868472576,-0.29300108551979065,-0.8682132363319397,-0.07137710601091385,-0.24547764658927917,-0.6428505778312683,-0.12112341821193695,-0.2089286893606186,-0.46459218859672546,-0.13900817930698395,-0.12630712985992432,-0.7573601603507996,0.012008799239993095,-0.17478743195533752,-0.8652981519699097,-0.09391283988952637,-0.1209060400724411,-0.5586761832237244,-0.12563639879226685,-0.0867086797952652,-0.3520825505256653,-0.11556869000196457,-0.007521128281950951,-0.7698970437049866,-0.006084333639591932,-0.05661114677786827,-0.8469324707984924,-0.11576122045516968,-0.024970419704914093,-0.5215580463409424,-0.09507370740175247,-0.006035535130649805,-0.2972516119480133,-0.043605539947748184,0.10983655601739883,-0.7429194450378418,-0.030107708647847176,0.06392741948366165,-0.8017733097076416,-0.10263115167617798,0.061698026955127716,-0.5579880475997925,-0.08108727633953094,0.06892547756433487,-0.38831856846809387,-0.03965224325656891
A,0.0,0.0,0.0,-0.19624720513820648,-0.16817298531532288,-0.05056235194206238,-0.3498568534851074,-0.4593026340007782,-0.07278233021497726,-0.3899475932121277,-0.7937491536140442,-0.10047679394483566,-0.30198734998703003,-1.0,-0.11725611984729767,-0.22800397872924805,-0.7088683247566223,0.017563169822096825,-0.2662777304649353,-0.872204065322876,-0.06833269447088242,-0.21795521676540375,-0.6510030627250671,-0.11769185215234756,-0.18146812915802002,-0.4884165823459625,-0.13496749103069305,-0.11444802582263947,-0.7399699687957764,0.011294360272586346,-0.15510638058185577,-0.8873135447502136,-0.09377013146877289,-0.10320646315813065,-0.5840492844581604,-0.12419202923774719,-0.07079555839300156,-0.3849273920059204,-0.11268395185470581,-0.001223427476361394,-0.7414876818656921,-0.009760089218616486,-0.040384046733379364,-0.8543795347213745,-0.11763479560613632,-0.01117054931819439,-0.5392996668815613,-0.09831699728965759,0.0053076897747814655,-0.324098140001297,-0.046861182898283005,0.1097574383020401,-0.7094752192497253,-0.03473827615380287,0.06382690370082855,-0.8161311149597168,-0.09665611386299133,0.06378163397312164,-0.5986766219139099,-0.07049722224473953,0.0736774280667305,-0.44191035628318787,-0.027533816173672676
A,0.0,0.0,0.0,-0.19185814261436462,-0.15144208073616028,-0.058730706572532654,-0.33442381024360657,-0.4633719027042389,-0.0819462239742279,-0.36049261689186096,-0.7902969717979431,-0.10784843564033508,-0.27444255352020264,-1.0,-0.12443939596414566,-0.21133659780025482,-0.7127679586410522,0.014229037798941135,-0.24199983477592468,-0.8408015966415405,-0.07426279038190842,-0.1979822963476181,-0.6414682269096375,-0.13485878705978394,-0.16364786028862,-0.4610017240047455,-0.16028253734111786,-0.09670217335224152,-0.7460635900497437,0.013354969210922718,-0.1324242651462555,-0.8421841263771057,-0.08828680217266083,-0.08833341300487518,-0.560325026512146,-0.1256716400384903,-0.059694670140743256,-0.34653109312057495,-0.12237144261598587,0.014867368154227734,-0.7456831336021423,-0.0036156477872282267,-0.02330172248184681,-0.8168226480484009,-0.10974185913801193,-0.004167016129940748,-0.5239136219024658,-0.10014016181230545,0.004400105681270361,-0.29999879002571106,-0.05836339667439461,0.12192052602767944,-0.7101861834526062,-0.02543892152607441,0.07786896079778671,-0.7805892825126648,-0.09500003606081009,0.07040414214134216,-0.5615404844284058,-0.0779334232211113,0.07010212540626526,-0.38920843601226807,-0.04122091084718704
A,0.0,0.0,0.0,-0.18439827859401703,-0.1568029522895813,-0.06924267113208771,-0.320613831281662,-0.47962430119514465,-0.09624715149402618,-0.3471386134624481,-0.8128474354743958,-0.12174593657255173,-0.24695271253585815,-1.0,-0.13393338024616241,-0.196044459939003,-0.7831230759620667,-0.0012100650928914547,-0.2204814851284027,-0.8520902395248413,-0.0838555321097374,-0.17674213647842407,-0.618301272392273,-0.13257163763046265,-0.14865361154079437,-0.46727755665779114,-0.1527324765920639,-0.08343764394521713,-0.8233463764190674,0.002336119068786502,-0.11538587510585785,-0.8292004466056824,-0.09222966432571411,-0.07536293566226959,-0.5243268013000488,-0.11816656589508057,-0.050849489867687225,-0.350534588098526,-0.10919509083032608,0.024236926808953285,-0.810685932636261,-0.010407275520265102,-0.003369224024936557,-0.7778996825218201,-0.10917311161756516,0.008572044782340527,-0.4734871983528137,-0.09113872796297073,0.013926642946898937,-0.28548526763916016,-0.04736388474702835,0.12636221945285797,-0.7540733814239502,-0.029834667220711708,0.09760042279958725,-0.7360767722129822,-0.08753610402345657,0.08267064392566681,-0.5101988911628723,-0.06559288501739502,0.07659392058849335,-0.3705669641494751,-0.02867690846323967
A,0.0,0.0,0.0,-0.18777281045913696,-0.14293305575847626,-0.07643444091081619,-0.33987513184547424,-0.4728022515773773,-0.10249107331037521,-0.3779480755329132,-0.8035473227500916,-0.12202304601669312,-0.29473114013671875,-1.0,-0.12477982044219971,-0.19320490956306458,-0.8765291571617126,-0.01747307926416397,-0.2477029412984848,-0.8148205280303955,-0.09263133257627487,-0.20065189898014069,-0.5752797722816467,-0.13624683022499084,-0.17242108285427094,-0.42620915174484253,-0.1545514017343521,-0.07927589118480682,-0.9424666166305542,-0.009600164368748665,-0.13743169605731964,-0.7677165865898132,-0.08473756164312363,-0.09019661694765091,-0.4855051338672638,-0.10272835195064545,-0.06237844005227089,-0.31917911767959595,-0.09565185010433197,0.03284062072634697,-0.9242473840713501,-0.017720360308885574,-0.027914592996239662,-0.7212874889373779,-0.09419070184230804,-0.007967280223965645,-0.45942047238349915,-0.0745026022195816,0.0043051959946751595,-0.2894349694252014,-0.038466695696115494,0.14068377017974854,-0.847429633140564,-0.03597599267959595,0.08057184517383575,-0.7113982439041138,-0.0871167704463005,0.06847012042999268,-0.49922820925712585,-0.07125420868396759,0.06677088141441345,-0.35736215114593506,-0.0402335524559021
A,0.0,0.0,0.0,-0.23403608798980713,-0.07812820374965668,-0.09563301503658295,-0.44516849517822266,-0.38792842626571655,-0.13077959418296814,-0.5226934552192688,-0.7286583185195923,-0.15930700302124023,-0.453273743391037,-0.9619185328483582,-0.16931572556495667,-0.3227403461933136,-0.9008407592773438,-0.02152734436094761,-0.4080081284046173,-0.7668748497962952,-0.1257883906364441,-0.321556955575943,-0.5061181783676147,-0.1949954479932785,-0.25872132182121277,-0.3573291003704071,-0.22797299921512604,-0.1996745467185974,-1.0,-0.014252259396016598,-0.2766032814979553,-0.7381429076194763,-0.11692652106285095,-0.18831518292427063,-0.44336938858032227,-0.14895521104335785,-0.12647822499275208,-0.27700698375701904,-0.14595527946949005,-0.07445982843637466,-0.9980823397636414,-0.0280130747705698,-0.15131881833076477,-0.7074651718139648,-0.12894344329833984,-0.09053254127502441,-0.42984992265701294,-0.11197483539581299,-0.043133217841386795,-0.26538679003715515,-0.0714864507317543,0.049117475748062134,-0.9270275235176086,-0.05495539680123329,-0.02707868441939354,-0.6990910768508911,-0.1274864822626114,0.005111335311084986,-0.48815417289733887,-0.11852926015853882,0.045365821570158005,-0.3671903610229492,-0.08670789003372192
A,0.0,0.0,0.0,-0.21100665628910065,-0.1093827411532402,-0.07202069461345673,-0.40486058592796326,-0.4260406494140625,-0.10085542500019073,-0.4812556505203247,-0.7757238149642944,-0.12735216319561005,-0.3940664529800415,-1.0,-0.13739298284053802,-0.2844970226287842,-0.9158285856246948,-0.00418689614161849,-0.3639666736125946,-0.8023481369018555,-0.09613870084285736,-0.28824254870414734,-0.558204710483551,-0.1527775675058365,-0.23614686727523804,-0.4309987425804138,-0.17748133838176727,-0.16550010442733765,-0.9999213814735413,-0.0026065523270517588,-0.23344901204109192,-0.7937114834785461,-0.09694577753543854,-0.15499679744243622,-0.5048022270202637,-0.12055975198745728,-0.10512564331293106,-0.3585904836654663,-0.11045204848051071,-0.04154449701309204,-0.9900407195091248,-0.018796658143401146,-0.10866685211658478,-0.7485796213150024,-0.11208146810531616,-0.0517655611038208,-0.4671781659126282,-0.09063113480806351,-0.011009400710463524,-0.32339614629745483,-0.047381795942783356,0.0782422199845314,-0.9193103313446045,-0.0441829189658165,0.0055893296375870705,-0.7198196053504944,-0.09945789724588394,0.03227178379893303,-0.5037169456481934,-0.08166708052158356,0.07130616158246994,-0.4059765338897705,-0.046625565737485886
A,0.0,0.0,0.0,-0.17569297552108765,-0.15834343433380127,-0.059381987899541855,-0.3140248656272888,-0.5094112157821655,-0.0768268033862114,-0.3357178866863251,-0.8387517333030701,-0.09279833734035492,-0.2354610115289688,-1.0,-0.097539983689785,-0.17354539036750793,-0.8241985440254211,-0.004319476429373026,-0.21536704897880554,-0.82749342918396,-0.08428081125020981,-0.17272430658340454,-0.5974070429801941,-0.13787741959095,-0.14686895906925201,-0.4434061050415039,-0.16233251988887787,-0.05660080164670944,-0.8751993179321289,-0.004023735877126455,-0.10137157887220383,-0.7928131222724915,-0.08721692860126495,-0.0649716854095459,-0.5037270784378052,-0.11202627420425415,-0.04311078414320946,-0.32668787240982056,-0.10472788661718369,0.05859064683318138,-0.8508060574531555,-0.01823432743549347,0.008056942373514175,-0.7240062355995178,-0.1016247346997261,0.0183072779327631,-0.44118356704711914,-0.08650409430265427,0.02469598315656185,-0.26547813415527344,-0.04949110373854637,0.16648873686790466,-0.7792813181877136,-0.03956477344036102,0.10928918421268463,-0.6601429581642151,-0.0897400826215744,0.09437070041894913,-0.4528847932815552,-0.07295210659503937,0.09908561408519745,-0.33613359928131104,-0.04160694405436516
A,0.0,0.0,0.0,-0.19178858399391174,-0.13269464671611786,-0.07823352515697479,-0.3364499509334564,-0.48097559809684753,-0.10360515117645264,-0.3576349914073944,-0.8213084936141968,-0.12162461876869202,-0.26131096482276917,-1.0,-0.12393520027399063,-0.18361780047416687,-0.8515205979347229,-0.022533057257533073,-0.24096211791038513,-0.7998336553573608,-0.10154367238283157,-0.19740378856658936,-0.5717228651046753,-0.14741115272045135,-0.16915440559387207,-0.432076096534729,-0.16733165085315704,-0.06655945628881454,-0.9013689756393433,-0.014106745831668377,-0.12626869976520538,-0.7744011282920837,-0.09611424803733826,-0.09209267795085907,-0.4924406409263611,-0.11682460457086563,-0.06805037707090378,-0.3297615349292755,-0.10937809199094772,0.045711319893598557,-0.8715707659721375,-0.021876541897654533,-0.013554354198276997,-0.6958522796630859,-0.10428652167320251,-0.0069789644330739975,-0.4309638738632202,-0.08819064497947693,2.4079117793007754e-05,-0.2775942087173462,-0.05310535803437233,0.14954087138175964,-0.7864580154418945,-0.03919424116611481,0.09549041837453842,-0.6574220061302185,-0.09144512563943863,0.08536624163389206,-0.46497392654418945,-0.07913082093000412,0.09038066864013672,-0.35832056403160095,-0.05177689716219902
A,0.0,0.0,0.0,-0.2026698887348175,-0.1217544749379158,-0.07306274771690369,-0.38663795590400696,-0.44154495000839233,-0.09563876688480377,-0.44638147950172424,-0.7896044254302979,-0.11447082459926605,-0.36896786093711853,-1.0,-0.11562247574329376,-0.29225826263427734,-0.8468578457832336,-0.0006978719029575586,-0.34604743123054504,-0.8040647506713867,-0.08423876762390137,-0.266578733921051,-0.5705558657646179,-0.13048914074897766,-0.2133653610944748,-0.4380455017089844,-0.14686842262744904,-0.172909677028656,-0.9354437589645386,0.0036910490598529577,-0.21510033309459686,-0.7959761619567871,-0.08366334438323975,-0.14113909006118774,-0.5066044330596924,-0.10228273272514343,-0.09837478399276733,-0.3663707673549652,-0.08902168273925781,-0.04897976666688919,-0.9423648715019226,-0.009992235340178013,-0.08847366273403168,-0.7805538177490234,-0.0975804552435875,-0.04867106303572655,-0.5018352270126343,-0.0744849145412445,-0.02274373173713684,-0.3614424467086792,-0.030048392713069916,0.07463525980710983,-0.8956413865089417,-0.032647475600242615,0.028887368738651276,-0.8051390647888184,-0.07545025646686554,0.03596021234989166,-0.6137465834617615,-0.049833279103040695,0.051986418664455414,-0.5260530114173889,-0.012071959674358368
A,0.0,0.0,0.0,-0.2165306806564331,-0.12501996755599976,-0.06792587041854858,-0.4094129204750061,-0.4376237690448761,-0.09251924604177475,-0.4873914122581482,-0.7755928039550781,-0.11859337240457535,-0.415779173374176,-1.0,-0.13051968812942505,-0.3170250356197357,-0.8677628040313721,0.029571063816547394,-0.3740399479866028,-0.8328052163124084,-0.061479389667510986,-0.29393744468688965,-0.6003245711326599,-0.1270233690738678,-0.2359643131494522,-0.44831064343452454,-0.15549792349338531,-0.20179763436317444,-0.9582991003990173,0.030348289757966995,-0.2407236397266388,-0.8391910195350647,-0.06555426120758057,-0.15422141551971436,-0.5374076962471008,-0.09994417428970337,-0.10148333013057709,-0.3595633804798126,-0.09346730262041092,-0.07955443114042282,-0.9729993939399719,0.011739694513380527,-0.1104346215724945,-0.839721143245697,-0.08308513462543488,-0.05485719069838524,-0.5376511216163635,-0.06581302732229233,-0.01831628382205963,-0.3525068163871765,-0.02031039074063301,0.041763171553611755,-0.9373533129692078,-0.015538649633526802,0.002553470665588975,-0.8513085842132568,-0.0640491396188736,0.02335740253329277,-0.6264103055000305,-0.03796219825744629,0.04946792125701904,-0.4992174208164215,0.004219598136842251
A,0.0,0.0,0.0,-0.21767541766166687,-0.10905440896749496,-0.04606305807828903,-0.4228399395942688,-0.42424964904785156,-0.05496858060359955,-0.5025056600570679,-0.7762112021446228,-0.07433094084262848,-0.42590105533599854,-1.0,-0.08348113298416138,-0.3048141896724701,-0.6996507048606873,0.056537847965955734,-0.37036943435668945,-0.886922299861908,-0.03334532305598259,-0.31106889247894287,-0.6662246584892273,-0.08563216775655746,-0.2525930404663086,-0.49668729305267334,-0.1015489399433136,-0.18201377987861633,-0.745106041431427,0.04652152955532074,-0.25068873167037964,-0.9077428579330444,-0.06375391781330109,-0.1822696328163147,-0.5973094701766968,-0.09746435284614563,-0.12740488350391388,-0.3963746130466461,-0.08218809962272644,-0.0620492585003376,-0.7717065215110779,0.017148761078715324,-0.13127978146076202,-0.8886807560920715,-0.09830115735530853,-0.08248071372509003,-0.5614950060844421,-0.08368846029043198,-0.04219457879662514,-0.3443368971347809,-0.029852356761693954,0.06305941939353943,-0.7669250965118408,-0.015921801328659058,-0.02258750982582569,-0.8770881295204163,-0.07887532562017441,-0.0031046858057379723,-0.6433848142623901,-0.05211285874247551,0.03132420405745506,-0.47791609168052673,-0.006472751498222351
A,0.0,0.0,0.0,-0.26398131251335144,-0.1551481932401657,-0.01944538578391075,-0.4569827914237976,-0.4423724114894867,-0.008277731016278267,-0.5228977799415588,-0.7845547199249268,-0.016338329762220383,-0.46019524335861206,-1.0,-0.014738515950739384,-0.32476863265037537,-0.7044598460197449,0.1438286304473877,-0.39762720465660095,-0.8805633783340454,0.07141117751598358,-0.32527878880500793,-0.7083597183227539,0.005787298083305359,-0.24530529975891113,-0.5460327863693237,-0.022176476195454597,-0.20190006494522095,-0.7599491477012634,0.12650854885578156,-0.2765633463859558,-0.933390200138092,0.02239389345049858,-0.1872623711824417,-0.6758018732070923,-0.03870794177055359,-0.10513094067573547,-0.45944467186927795,-0.042596813291311264,-0.07989420741796494,-0.7869238257408142,0.09074784815311432,-0.1607583612203598,-0.9389051198959351,-0.014684375375509262,-0.08977293968200684,-0.6574182510375977,-0.01753660850226879,-0.021714787930250168,-0.4153089225292206,0.024420734494924545,0.050708621740341187,-0.7795299887657166,0.05185174569487572,-0.04101276397705078,-0.914117693901062,-0.006696809083223343,-0.015488902106881142,-0.7230658531188965,0.014295987784862518,0.037110280245542526,-0.5494675636291504,0.057226575911045074
A,0.0,0.0,0.0,-0.20377078652381897,-0.15249107778072357,-0.047150418162345886,-0.37857145071029663,-0.46207934617996216,-0.05473894253373146,-0.43701615929603577,-0.7849431037902832,-0.07039312273263931,-0.36869508028030396,-1.0,-0.07648815214633942,-0.2609672546386719,-0.6895316243171692,0.06360523402690887,-0.3086109757423401,-0.8485510945320129,-0.016408463940024376,-0.2378627210855484,-0.6592448353767395,-0.073468878865242,-0.17756403982639313,-0.4993264079093933,-0.09405305981636047,-0.1499258577823639,-0.730563223361969,0.0622578039765358,-0.187357559800148,-0.8806868195533752,-0.033559948205947876,-0.12032873183488846,-0.6072658896446228,-0.07507354021072388,-0.07657845318317413,-0.40404677391052246,-0.07074921578168869,-0.041741304099559784,-0.7449013590812683,0.04363056272268295,-0.08645911514759064,-0.8643207550048828,-0.05677354708313942,-0.0406319797039032,-0.5705003142356873,-0.05129993334412575,-0.005294959060847759,-0.344090074300766,-0.008303293958306313,0.06558644771575928,-0.7345082759857178,0.021169152110815048,0.009783738292753696,-0.8505048751831055,-0.03329320251941681,0.02495936118066311,-0.650792121887207,-0.010420151054859161,0.05552804097533226,-0.49091920256614685,0.03053886443376541
A,0.0,0.0,0.0,-0.18355481326580048,-0.11930707097053528,-0.08316333591938019,-0.35806822776794434,-0.42925333976745605,-0.11255014687776566,-0.4243471920490265,-0.7732347249984741,-0.13848185539245605,-0.3401950001716614,-1.0,-0.15040092170238495,-0.2638764977455139,-0.7945898771286011,-0.0028135315515100956,-0.273433655500412,-0.8606595396995544,-0.0959182158112526,-0.21387112140655518,-0.6323286890983582,-0.15499494969844818,-0.1782151311635971,-0.465287446975708,-0.17888003587722778,-0.1535225808620453,-0.8694960474967957,0.010682659223675728,-0.1443851888179779,-0.8396431803703308,-0.08726191520690918,-0.08590516448020935,-0.5442976951599121,-0.11768391728401184,-0.05539414659142494,-0.3477388322353363,-0.11029881983995438,-0.04275938868522644,-0.8866032361984253,0.004860089626163244,-0.02546285092830658,-0.8178019523620605,-0.09398964792490005,-0.001032027998007834,-0.5315454602241516,-0.08474742621183395,0.006805813871324062,-0.330552339553833,-0.04658501222729683,0.06364347785711288,-0.8590933084487915,-0.009247188456356525,0.06546896696090698,-0.8076812028884888,-0.06908898055553436,0.06776827573776245,-0.5721549987792969,-0.05598099157214165,0.07014205306768417,-0.4118655025959015,-0.023332303389906883
A,0.0,0.0,0.0,-0.20685653388500214,-0.11692752689123154,-0.06682072579860687,-0.38362836837768555,-0.4247732162475586,-0.08368803560733795,-0.4477318823337555,-0.7632207870483398,-0.10049108415842056,-0.3865048885345459,-1.0,-0.10235826671123505,-0.3075296878814697,-0.7679344415664673,0.02818147838115692,-0.3551686406135559,-0.8017181754112244,-0.05573302507400513,-0.2795915901660919,-0.5851030945777893,-0.10617385059595108,-0.22584444284439087,-0.4649091064929962,-0.1253894716501236,-0.20145128667354584,-0.8519099950790405,0.033241890370845795,-0.2321401834487915,-0.809916615486145,-0.05717042088508606,-0.15021692216396332,-0.5101391673088074,-0.07995383441448212,-0.09956814348697662,-0.36618369817733765,-0.06668225675821304,-0.08585084974765778,-0.8802893161773682,0.018922604620456696,-0.10868673771619797,-0.8168274760246277,-0.07645068317651749,-0.05838172882795334,-0.511984646320343,-0.05394228920340538,-0.02339797280728817,-0.3469426929950714,-0.005361040122807026,0.03309943154454231,-0.8629307150840759,-0.0030105458572506905,-0.0031153580639511347,-0.8229184150695801,-0.05379737541079521,0.012942565605044365,-0.5935541391372681,-0.028131160885095596,0.03821110352873802,-0.476107120513916,0.012836477719247341
A,0.0,0.0,0.0,-0.21617944538593292,-0.13562501966953278,-0.03836744278669357,-0.36366865038871765,-0.44002875685691833,-0.04902229085564613,-0.3906789720058441,-0.7617146968841553,-0.06790663301944733,-0.36560922861099243,-1.0,-0.07787830382585526,-0.26853281259536743,-0.6675648093223572,0.038242217153310776,-0.2989251911640167,-0.8568360805511475,-0.04670919105410576,-0.2547506093978882,-0.6492854952812195,-0.09783323854207993,-0.21562643349170685,-0.4668610990047455,-0.11440087854862213,-0.14741085469722748,-0.6889746189117432,0.026413312181830406,-0.18572624027729034,-0.8508181571960449,-0.07464318722486496,-0.13970698416233063,-0.5822914838790894,-0.10989827662706375,-0.10343257337808609,-0.3800203800201416,-0.10232436656951904,-0.03215711936354637,-0.6981226801872253,-0.0011518700048327446,-0.07606421411037445,-0.819170355796814,-0.10314074158668518,-0.04785385727882385,-0.5274931192398071,-0.08981642872095108,-0.02367153950035572,-0.3227590024471283,-0.04469490796327591,0.08679768443107605,-0.6850762367248535,-0.03173622116446495,0.022466979920864105,-0.7816504836082458,-0.09292128682136536,0.031730540096759796,-0.5703481435775757,-0.07049324363470078,0.05486447736620903,-0.4245336055755615,-0.030783310532569885
A,0.0,0.0,0.0,-0.2274361103773117,-0.1453886777162552,-0.03503783792257309,-0.37232914566993713,-0.44012805819511414,-0.04490236937999725,-0.39969557523727417,-0.7595968842506409,-0.06498753279447556,-0.38886597752571106,-1.0,-0.0765528753399849,-0.26798537373542786,-0.6806790828704834,0.05244636535644531,-0.304138720035553,-0.8604984283447266,-0.0318915918469429,-0.2646176517009735,-0.658338725566864,-0.08839583396911621,-0.2235916405916214,-0.4767557382583618,-0.1091199666261673,-0.14737629890441895,-0.7006725668907166,0.03820188716053963,-0.1902925819158554,-0.8504467606544495,-0.062420330941677094,-0.14695186913013458,-0.5868253707885742,-0.10277511179447174,-0.10700798034667969,-0.3741708993911743,-0.09924909472465515,-0.033829472959041595,-0.7023487687110901,0.007677089422941208,-0.08167503774166107,-0.8161793947219849,-0.09279795736074448,-0.054835543036460876,-0.5357620120048523,-0.08268547803163528,-0.029250476509332657,-0.32320597767829895,-0.04040064290165901,0.08182550221681595,-0.6801713109016418,-0.0260134506970644,0.01788940280675888,-0.7748906016349792,-0.08723437786102295,0.02418798767030239,-0.5673484802246094,-0.06493788212537766,0.045593950897455215,-0.4111439883708954,-0.02488437481224537
A,0.0,0.0,0.0,-0.22280745208263397,-0.12505395710468292,-0.04195651039481163,-0.3861881494522095,-0.43180862069129944,-0.05238456651568413,-0.4228312075138092,-0.7689807415008545,-0.07074369490146637,-0.3683326244354248,-1.0,-0.07957709580659866,-0.2645532488822937,-0.6748745441436768,0.048292215913534164,-0.2974090278148651,-0.8437672853469849,-0.033173855394124985,-0.25162559747695923,-0.6438197493553162,-0.08824864774942398,-0.20740355551242828,-0.4854344129562378,-0.10977929830551147,-0.15124592185020447,-0.7009970545768738,0.040679045021533966,-0.18662388622760773,-0.8473179936408997,-0.06305001676082611,-0.134557843208313,-0.5825535655021667,-0.10252798348665237,-0.09149936586618423,-0.3777446448802948,-0.09732701629400253,-0.044464386999607086,-0.7046800255775452,0.01698220707476139,-0.08318782597780228,-0.8060620427131653,-0.08539033681154251,-0.04884285479784012,-0.5243080854415894,-0.07592660188674927,-0.021049397066235542,-0.3078194856643677,-0.03268849849700928,0.062251027673482895,-0.6864709854125977,-0.010473441332578659,0.009863238781690598,-0.7687276005744934,-0.070978082716465,0.020914116874337196,-0.5621299147605896,-0.05104287341237068,0.04545477777719498,-0.4010121822357178,-0.012722653336822987
A,0.0,0.0,0.0,-0.2299976944923401,-0.11819881945848465,-0.0374736525118351,-0.4106718897819519,-0.44008946418762207,-0.04126189649105072,-0.44925957918167114,-0.7918770909309387,-0.0547151044011116,-0.36825892329216003,-1.0,-0.05931650474667549,-0.29349276423454285,-0.6911082863807678,0.06131939962506294,-0.33252766728401184,-0.8560779094696045,-0.014472796581685543,-0.2797871530056,-0.647786021232605,-0.06715738773345947,-0.2275000810623169,-0.4787527620792389,-0.08759768307209015,-0.17295968532562256,-0.7220481038093567,0.05192984268069267,-0.21418721973896027,-0.8599680662155151,-0.04375990852713585,-0.1550116389989853,-0.5862773656845093,-0.08056346327066422,-0.10416143387556076,-0.37485256791114807,-0.07383929938077927,-0.060516029596328735,-0.731296181678772,0.025888515636324883,-0.10183045268058777,-0.8305850028991699,-0.06985338777303696,-0.06331059336662292,-0.5420178174972534,-0.060600411146879196,-0.031131763011217117,-0.31923237442970276,-0.018540380522608757,0.05179016292095184,-0.7100439071655273,-0.0040135751478374004,-0.004667622037231922,-0.7983285188674927,-0.06062517315149307,0.011489187367260456,-0.5790805816650391,-0.03966948762536049,0.041937485337257385,-0.4066978394985199,-0.0013539164792746305
A,0.0,0.0,0.0,-0.2135564237833023,-0.12042127549648285,-0.04514110088348389,-0.3888302147388458,-0.4404664635658264,-0.05960208922624588,-0.4312664270401001,-0.7875825762748718,-0.08013296872377396,-0.3504408001899719,-1.0,-0.09218442440032959,-0.2654285132884979,-0.6936814188957214,0.025673558935523033,-0.3026433289051056,-0.8513650298118591,-0.055139582604169846,-0.25267648696899414,-0.6448038816452026,-0.10846038907766342,-0.2083868384361267,-0.47746217250823975,-0.12958592176437378,-0.1454848051071167,-0.725997805595398,0.019635265693068504,-0.18939681351184845,-0.8623348474502563,-0.07859241217374802,-0.13705536723136902,-0.5917142033576965,-0.11238382756710052,-0.09112518280744553,-0.37874549627304077,-0.10508561134338379,-0.033077675849199295,-0.7322369813919067,-0.0010793618857860565,-0.07857048511505127,-0.8273564577102661,-0.09823284298181534,-0.04553980380296707,-0.5372006297111511,-0.08741064369678497,-0.015246933326125145,-0.30966493487358093,-0.04488733410835266,0.08058272302150726,-0.7129961252212524,-0.02550683543086052,0.01569507271051407,-0.7919841408729553,-0.08208107948303223,0.02582591213285923,-0.5807077884674072,-0.06164787337183952,0.05422713980078697,-0.412518173456192,-0.024587024003267288
A,0.0,0.0,0.0,-0.20649445056915283,-0.11466061323881149,-0.05916349217295647,-0.3859080374240875,-0.4407692849636078,-0.0770755261182785,-0.42584478855133057,-0.7903150916099548,-0.09742416441440582,-0.34081825613975525,-1.0,-0.10675809532403946,-0.27295175194740295,-0.6895172595977783,0.00838923268020153,-0.3057008981704712,-0.8452127575874329,-0.08459588885307312,-0.2436617910861969,-0.6192144751548767,-0.1372607946395874,-0.19286753237247467,-0.4499780237674713,-0.1556292623281479,-0.14943408966064453,-0.7238777279853821,0.006521536502987146,-0.18650603294372559,-0.8568161725997925,-0.10459289699792862,-0.12284305691719055,-0.5577176213264465,-0.13427917659282684,-0.07665985822677612,-0.3546378016471863,-0.12074363231658936,-0.032535046339035034,-0.7357217073440552,-0.012285194359719753,-0.07037094980478287,-0.8227956295013428,-0.12340644001960754,-0.0315493568778038,-0.5102522969245911,-0.10459784418344498,-0.005761073436588049,-0.29716047644615173,-0.05329422280192375,0.08307508379220963,-0.7200966477394104,-0.03595998138189316,0.0305243581533432,-0.7974835634231567,-0.10201723128557205,0.04339072108268738,-0.5648907423019409,-0.07848179340362549,0.0650116503238678,-0.4048609733581543,-0.03711831942200661
A,0.0,0.0,0.0,-0.20956043899059296,-0.14159001410007477,-0.049064043909311295,-0.3727055490016937,-0.45834559202194214,-0.06210046261548996,-0.39899036288261414,-0.8044482469558716,-0.08041372150182724,-0.30633044242858887,-1.0,-0.08727439492940903,-0.23852480947971344,-0.7027491331100464,0.027455253526568413,-0.2881312966346741,-0.8589547276496887,-0.06006377562880516,-0.2436923384666443,-0.6267099380493164,-0.10902351886034012,-0.20570681989192963,-0.466889888048172,-0.12553197145462036,-0.1185385063290596,-0.7379404902458191,0.021728642284870148,-0.17529872059822083,-0.8612236976623535,-0.08326494693756104,-0.12335540354251862,-0.5490013360977173,-0.1108766421675682,-0.08421092480421066,-0.3665502965450287,-0.09694185107946396,-0.0005465473514050245,-0.7440932393074036,-0.000623570813331753,-0.0545622855424881,-0.8411934971809387,-0.10699155181646347,-0.025369426235556602,-0.5131698846817017,-0.08268658071756363,-0.002971761394292116,-0.3053877651691437,-0.02837645821273327,0.11767078191041946,-0.7158673405647278,-0.02744559943675995,0.052352625876665115,-0.8037167191505432,-0.08653655648231506,0.0526503287255764,-0.5748317837715149,-0.05795146897435188,0.07060687988996506,-0.42998284101486206,-0.013839256949722767
A,0.0,0.0,0.0,-0.1989056020975113,-0.13442863523960114,-0.06665457785129547,-0.3609026372432709,-0.48995617032051086,-0.08282622694969177,-0.3841877579689026,-0.8220067024230957,-0.0966089740395546,-0.28739631175994873,-1.0,-0.09842105954885483,-0.22767168283462524,-0.771186351776123,-0.0050825378857553005,-0.25755029916763306,-0.8531786203384399,-0.08669229596853256,-0.2093612402677536,-0.6219117641448975,-0.13499882817268372,-0.17495158314704895,-0.43681955337524414,-0.15325962007045746,-0.10350891947746277,-0.8162806630134583,-0.00015285996778402478,-0.1428252011537552,-0.8353503942489624,-0.09316838532686234,-0.09291007369756699,-0.5341880321502686,-0.11791983991861343,-0.056945741176605225,-0.3320261240005493,-0.10745128244161606,0.017352215945720673,-0.8153448700904846,-0.011433305218815804,-0.022036926820874214,-0.8103554844856262,-0.10548188537359238,0.002488282509148121,-0.4963773787021637,-0.08525679260492325,0.01976492442190647,-0.2805381417274475,-0.04033804312348366,0.13224242627620697,-0.7705581784248352,-0.029459336772561073,0.08469408750534058,-0.7872185707092285,-0.08884544670581818,0.08199203014373779,-0.5623123645782471,-0.06719380617141724,0.09515555948019028,-0.4139953851699829,-0.029975663870573044
A,0.0,0.0,0.0,-0.19653093814849854,-0.12492598593235016,-0.0827922374010086,-0.3566119372844696,-0.48553380370140076,-0.10489741712808609,-0.3838820159435272,-0.8253340721130371,-0.11941345036029816,-0.28200069069862366,-1.0,-0.11959753185510635,-0.2354075163602829,-0.8132772445678711,-0.026003165170550346,-0.25081512331962585,-0.8520948886871338,-0.10705696046352386,-0.1938779652118683,-0.616611897945404,-0.15295423567295074,-0.1592971384525299,-0.43188148736953735,-0.17009446024894714,-0.11127780377864838,-0.8789754509925842,-0.012582412920892239,-0.1275583654642105,-0.8399803638458252,-0.10189073532819748,-0.07425704598426819,-0.5377143025398254,-0.12458492815494537,-0.043347205966711044,-0.3336622416973114,-0.11392822861671448,0.010928633622825146,-0.877522885799408,-0.01529755163937807,-0.0056106094270944595,-0.791698694229126,-0.10563967376947403,0.018454719334840775,-0.48574596643447876,-0.08605922013521194,0.026626694947481155,-0.2772623300552368,-0.04373076185584068,0.12629517912864685,-0.8257913589477539,-0.026732448488473892,0.1053880974650383,-0.7771629691123962,-0.08612117916345596,0.10133948177099228,-0.5440263748168945,-0.06696419417858124,0.10167734324932098,-0.3910713195800781,-0.031670112162828445
A,0.0,0.0,0.0,-0.20167797803878784,-0.12500551342964172,-0.08353037387132645,-0.3553999662399292,-0.46986204385757446,-0.1110442727804184,-0.3792186975479126,-0.8059685230255127,-0.13091692328453064,-0.28662922978401184,-1.0,-0.13694016635417938,-0.21695826947689056,-0.8351610898971558,-0.03775562345981598,-0.2466079145669937,-0.8335166573524475,-0.11785203963518143,-0.18917447328567505,-0.5910816788673401,-0.16274631023406982,-0.15968117117881775,-0.41877198219299316,-0.17977392673492432,-0.09845133870840073,-0.9002529382705688,-0.023399461060762405,-0.12166483700275421,-0.809460461139679,-0.10945401340723038,-0.0771057978272438,-0.5045214891433716,-0.13215579092502594,-0.05436083674430847,-0.314775675535202,-0.12446369975805283,0.019231081008911133,-0.8840609192848206,-0.02349100448191166,-0.005141003057360649,-0.7739102840423584,-0.11263749748468399,0.012728766538202763,-0.4630317986011505,-0.09018520265817642,0.018475987017154694,-0.26153838634490967,-0.04757010564208031,0.1301886886358261,-0.8233054876327515,-0.032150015234947205,0.11071141809225082,-0.7552928924560547,-0.09247080236673355,0.0985170230269432,-0.5126450657844543,-0.07182162255048752,0.09274401515722275,-0.3582378923892975,-0.03544106334447861
A,0.0,0.0,0.0,-0.2044677734375,-0.14718511700630188,-0.07621020823717117,-0.3587726652622223,-0.47871512174606323,-0.09903860092163086,-0.3803725838661194,-0.8132679462432861,-0.11757040023803711,-0.2876967191696167,-1.0,-0.12204146385192871,-0.21745280921459198,-0.8111516833305359,-0.010869279503822327,-0.24993887543678284,-0.8430713415145874,-0.08675650507211685,-0.19048169255256653,-0.6012710928916931,-0.1307009756565094,-0.15685410797595978,-0.4276038110256195,-0.14585259556770325,-0.10514170676469803,-0.8694698810577393,0.0017677738796919584,-0.12502248585224152,-0.8196391463279724,-0.08316585421562195,-0.07534340023994446,-0.5190214514732361,-0.1076040267944336,-0.054749127477407455,-0.3287751376628876,-0.09857641905546188,0.006115301977843046,-0.8587386012077332,-0.0007636937079951167,-0.01350797526538372,-0.7889761328697205,-0.09108500182628632,0.008352906443178654,-0.48662489652633667,-0.07305882126092911,0.010749828070402145,-0.2808576226234436,-0.03019035793840885,0.1075335443019867,-0.801445722579956,-0.011111591011285782,0.0949285626411438,-0.7646292448043823,-0.07014165818691254,0.08618558943271637,-0.5328037738800049,-0.050104234367609024,0.07845260947942734,-0.37808358669281006,-0.0127188079059124
A,0.0,0.0,0.0,-0.191804900765419,-0.1911315619945526,-0.04858846962451935,-0.3308623135089874,-0.5098471641540527,-0.06601385027170181,-0.34324750304222107,-0.8354392051696777,-0.08803661167621613,-0.24348555505275726,-1.0,-0.09856563061475754,-0.19127973914146423,-0.7181114554405212,0.020733945071697235,-0.2381438910961151,-0.8711256384849548,-0.06087261810898781,-0.19647568464279175,-0.6347997784614563,-0.10813643783330917,-0.15995071828365326,-0.4613513648509979,-0.12361828237771988,-0.07794173806905746,-0.7338224053382874,0.016351377591490746,-0.1245405524969101,-0.8501253724098206,-0.08139293640851974,-0.08286470919847488,-0.551862895488739,-0.10703293979167938,-0.05335850641131401,-0.3647224009037018,-0.09441417455673218,0.032153286039829254,-0.7204915285110474,-0.0033783086109906435,-0.013659914024174213,-0.8174004554748535,-0.09986560046672821,0.00612270412966609,-0.5143958926200867,-0.07592874020338058,0.018601367250084877,-0.3151814043521881,-0.02503286488354206,0.13895201683044434,-0.6757918000221252,-0.02813863195478916,0.0900927409529686,-0.7762577533721924,-0.08077491819858551,0.08201584964990616,-0.5575141310691833,-0.051090944558382034,0.08902819454669952,-0.4069035053253174,-0.007831401191651821
A,0.0,0.0,0.0,-0.19277670979499817,-0.20989453792572021,-0.03328309208154678,-0.3231455087661743,-0.5129045248031616,-0.04619937017560005,-0.3286159038543701,-0.8405228853225708,-0.07044980674982071,-0.21909481287002563,-1.0,-0.08677437901496887,-0.18499450385570526,-0.699783980846405,0.057581838220357895,-0.21215671300888062,-0.895439624786377,-0.0189838670194149,-0.19047614932060242,-0.7143635153770447,-0.07124635577201843,-0.1696881800889969,-0.5424280166625977,-0.09099788963794708,-0.06845688819885254,-0.7036450505256653,0.04342564940452576,-0.10304559767246246,-0.8800331354141235,-0.050929490476846695,-0.08114482462406158,-0.6022548675537109,-0.08730964362621307,-0.0667620375752449,-0.3923383951187134,-0.08128835260868073,0.04602932557463646,-0.683745801448822,0.013881727121770382,0.007443703711032867,-0.8411668539047241,-0.08198712021112442,0.009867527522146702,-0.5419029593467712,-0.06824610382318497,0.011775647290050983,-0.3165682554244995,-0.022448673844337463,0.1633506715297699,-0.6280192136764526,-0.01898943819105625,0.11766134202480316,-0.7831017971038818,-0.06964477896690369,0.0973733589053154,-0.5880842804908752,-0.04247797653079033,0.09249328076839447,-0.42543020844459534,-0.0012455235701054335
A,0.0,0.0,0.0,-0.20700079202651978,-0.17623700201511383,-0.028680900111794472,-0.3481364846229553,-0.47867336869239807,-0.035817407071590424,-0.3648383617401123,-0.8167679309844971,-0.05496089160442352,-0.27353087067604065,-1.0,-0.06528512388467789,-0.22445620596408844,-0.6996378302574158,0.05061808601021767,-0.24353429675102234,-0.8849598169326782,-0.04137255623936653,-0.22283315658569336,-0.6599918603897095,-0.10009961575269699,-0.201493039727211,-0.49206799268722534,-0.1241769939661026,-0.10144700855016708,-0.7154277563095093,0.031359005719423294,-0.12868310511112213,-0.8851922750473022,-0.0742889940738678,-0.10285339504480362,-0.5745901465415955,-0.10424508154392242,-0.07931223511695862,-0.38118115067481995,-0.09288828819990158,0.017818549647927284,-0.7056398987770081,-0.00441982364282012,-0.018759148195385933,-0.8507514595985413,-0.1072772815823555,-0.008435456082224846,-0.5335960984230042,-0.07808618992567062,0.00655768346041441,-0.32863518595695496,-0.022342659533023834,0.14499640464782715,-0.6586002707481384,-0.04379402473568916,0.09563454985618591,-0.8005427718162537,-0.09507142007350922,0.08350181579589844,-0.5797950029373169,-0.05779234319925308,0.08799248933792114,-0.42902737855911255,-0.009939766488969326
A,0.0,0.0,0.0,-0.18494480848312378,-0.22358079254627228,-0.03765055164694786,-0.2851743996143341,-0.5604511499404907,-0.04235977306962013,-0.26515763998031616,-0.8786739110946655,-0.05543268099427223,-0.1558660864830017,-1.0,-0.05517801642417908,-0.14146365225315094,-0.7012196183204651,0.05300590395927429,-0.13298644125461578,-0.9106607437133789,-0.03307672590017319,-0.13491225242614746,-0.6768947243690491,-0.08570834994316101,-0.12745775282382965,-0.517014741897583,-0.10634475201368332,-0.023876605555415154,-0.675542414188385,0.04356958344578743,-0.027035513892769814,-0.8762952089309692,-0.060391318053007126,-0.033711470663547516,-0.5667343735694885,-0.09041748195886612,-0.028303923085331917,-0.3886502683162689,-0.07862000912427902,0.0843656063079834,-0.6317957639694214,0.017065396532416344,0.0789826288819313,-0.8130672574043274,-0.08161839097738266,0.05103838071227074,-0.5048699378967285,-0.052178800106048584,0.04232501983642578,-0.31120479106903076,0.003305270802229643,0.19786693155765533,-0.5603991150856018,-0.014290539547801018,0.18121294677257538,-0.7178398966789246,-0.05962858349084854,0.14317943155765533,-0.5167497396469116,-0.024162333458662033,0.13030901551246643,-0.3871917128562927,0.020880641415715218
A,0.0,0.0,0.0,-0.19336070120334625,-0.2067444622516632,-0.05190097168087959,-0.326673299074173,-0.5229710936546326,-0.06949817389249802,-0.33935269713401794,-0.8657537698745728,-0.09516081213951111,-0.22424960136413574,-1.0,-0.11068287491798401,-0.18604776263237,-0.7308343052864075,0.04081782326102257,-0.19268487393856049,-0.9088799953460693,-0.03733983635902405,-0.17028971016407013,-0.699347198009491,-0.0903467983007431,-0.15660196542739868,-0.523741602897644,-0.11238609999418259,-0.062442827969789505,-0.7326745390892029,0.036424484103918076,-0.0747934952378273,-0.8846925497055054,-0.055814746767282486,-0.0625908151268959,-0.597164511680603,-0.09216312319040298,-0.06081591546535492,-0.38723617792129517,-0.08928709477186203,0.05332097411155701,-0.7060299515724182,0.015284609980881214,0.034431859850883484,-0.8301488161087036,-0.0776023268699646,0.024889638647437096,-0.5370411276817322,-0.06761201471090317,0.007986237294971943,-0.31299889087677,-0.02703237533569336,0.1649974137544632,-0.6430330276489258,-0.01101958379149437,0.14187097549438477,-0.7975270748138428,-0.059138763695955276,0.1140308529138565,-0.6170333027839661,-0.03548958897590637,0.09031032025814056,-0.45587658882141113,0.0014026849530637264
A,0.0,0.0,0.0,-0.23512835800647736,-0.13320983946323395,-0.06244051828980446,-0.41506126523017883,-0.42928147315979004,-0.08249048888683319,-0.47861093282699585,-0.7706518769264221,-0.10572664439678192,-0.4077438712120056,-1.0,-0.11362830549478531,-0.3053159713745117,-0.8060606718063354,0.032543960958719254,-0.3792805075645447,-0.8297603130340576,-0.06066269055008888,-0.30501338839530945,-0.5936791300773621,-0.11733047664165497,-0.2520967721939087,-0.47380369901657104,-0.14083465933799744,-0.18855483829975128,-0.8795425891876221,0.028333129361271858,-0.2627080976963043,-0.8403359055519104,-0.07609188556671143,-0.18352293968200684,-0.5317879915237427,-0.10508278012275696,-0.13282769918441772,-0.39117562770843506,-0.09472261369228363,-0.06776411086320877,-0.903993546962738,0.004250526428222656,-0.1396300494670868,-0.844716489315033,-0.10352132469415665,-0.08608249574899673,-0.5209608674049377,-0.07923968881368637,-0.046727754175662994,-0.35383284091949463,-0.02710813283920288,0.053326550871133804,-0.8790069222450256,-0.027629375457763672,-0.027472397312521935,-0.8356601595878601,-0.0910046249628067,-0.008218868635594845,-0.6026795506477356,-0.06580030173063278,0.025485413148999214,-0.4848756790161133,-0.022474803030490875
A,0.0,0.0,0.0,-0.22423352301120758,-0.1274864822626114,-0.05037584900856018,-0.40352898836135864,-0.45454734563827515,-0.06453254073858261,-0.44227343797683716,-0.7943476438522339,-0.08345749974250793,-0.35350629687309265,-1.0,-0.09187492728233337,-0.2872573733329773,-0.7815427184104919,0.027622703462839127,-0.3372119665145874,-0.8389155864715576,-0.06111244857311249,-0.27633222937583923,-0.6098665595054626,-0.12261452525854111,-0.22842901945114136,-0.4357701539993286,-0.14976991713047028,-0.16827449202537537,-0.853557288646698,0.021028148010373116,-0.21748754382133484,-0.8408258557319641,-0.07720065861940384,-0.14298485219478607,-0.5469232201576233,-0.11030558496713638,-0.0932413786649704,-0.3527730107307434,-0.10483117401599884,-0.048193834722042084,-0.8793761730194092,-0.0026883617974817753,-0.10074169188737869,-0.8359354734420776,-0.09922017902135849,-0.05004506558179855,-0.5309872627258301,-0.08028539270162582,-0.01660175435245037,-0.3276750445365906,-0.03575488552451134,0.07064774632453918,-0.8561012744903564,-0.03289340063929558,0.006819421891123056,-0.8294264674186707,-0.0904371365904808,0.027829831466078758,-0.6063606142997742,-0.06658720970153809,0.0576210580766201,-0.4685567617416382,-0.02710792049765587
A,0.0,0.0,0.0,-0.2393028736114502,-0.0659765899181366,-0.06965123862028122,-0.4622001051902771,-0.3776874840259552,-0.09111487120389938,-0.5406160354614258,-0.7540712356567383,-0.11368890851736069,-0.46503084897994995,-1.0,-0.12051954120397568,-0.3743729293346405,-0.7790432572364807,0.013409212231636047,-0.4405238628387451,-0.8167909383773804,-0.09176742285490036,-0.34997129440307617,-0.5700196623802185,-0.15228359401226044,-0.2877254784107208,-0.4476320147514343,-0.17685312032699585,-0.24808987975120544,-0.8867124319076538,0.010492200031876564,-0.3051835596561432,-0.84587162733078,-0.09808764606714249,-0.20569495856761932,-0.5251771807670593,-0.11844394356012344,-0.1479993313550949,-0.3927963376045227,-0.10202361643314362,-0.11663467437028885,-0.9373507499694824,-0.01422626618295908,-0.16663934290409088,-0.8535774350166321,-0.12721452116966248,-0.09356125444173813,-0.5169960260391235,-0.09407658129930496,-0.04936962574720383,-0.3644214868545532,-0.03585410118103027,0.01954588107764721,-0.9389263987541199,-0.04690559580922127,-0.048445966094732285,-0.8728470802307129,-0.10713326185941696,-0.013265718705952168,-0.618142306804657,-0.07454871386289597,0.02392951026558876,-0.5093203783035278,-0.027794847264885902
A,0.0,0.0,0.0,-0.24373379349708557,-0.05487807095050812,-0.05578054115176201,-0.4765135943889618,-0.36289605498313904,-0.07227109372615814,-0.5605804920196533,-0.7359780073165894,-0.09250719845294952,-0.49001649022102356,-1.0,-0.10144124925136566,-0.3818078935146332,-0.7713868021965027,0.018054373562335968,-0.4579063951969147,-0.8169996738433838,-0.08418446034193039,-0.36841756105422974,-0.5763468742370605,-0.1510922908782959,-0.29219749569892883,-0.39703086018562317,-0.17996804416179657,-0.2555385231971741,-0.8744468688964844,0.010459568351507187,-0.3265082836151123,-0.8593137264251709,-0.09881807863712311,-0.22280187904834747,-0.548295795917511,-0.13008955121040344,-0.14964286983013153,-0.3496248126029968,-0.12043923139572144,-0.12201209366321564,-0.932293713092804,-0.015803979709744453,-0.19025635719299316,-0.8606894612312317,-0.12411898374557495,-0.10733742266893387,-0.5343030691146851,-0.09895694255828857,-0.0504303053021431,-0.3307516276836395,-0.04705549031496048,0.014982068911194801,-0.9409311413764954,-0.04874010756611824,-0.0732644647359848,-0.8857468962669373,-0.11499784141778946,-0.028492063283920288,-0.6221423149108887,-0.08716227114200592,0.021388685330748558,-0.47461506724357605,-0.04225590452551842
A,0.0,0.0,0.0,-0.24515463411808014,-0.04202387481927872,-0.06191425770521164,-0.4696575701236725,-0.3447289764881134,-0.08594958484172821,-0.5535703301429749,-0.7124806642532349,-0.11465945094823837,-0.5074867606163025,-1.0,-0.13149383664131165,-0.3860745131969452,-0.7196049690246582,0.012567690573632717,-0.454509437084198,-0.8477321267127991,-0.10683321207761765,-0.3633841872215271,-0.609021782875061,-0.17937764525413513,-0.2800074517726898,-0.41623345017433167,-0.20623594522476196,-0.2585148811340332,-0.8156529664993286,0.004228049889206886,-0.3242013156414032,-0.8761438131332397,-0.12733912467956543,-0.2190500944852829,-0.5620130896568298,-0.16553890705108643,-0.13815781474113464,-0.35582172870635986,-0.15390382707118988,-0.12655790150165558,-0.8753664493560791,-0.024406861513853073,-0.18981195986270905,-0.8820263743400574,-0.15439479053020477,-0.1035929024219513,-0.5462523102760315,-0.13040927052497864,-0.039612408727407455,-0.3323538899421692,-0.07169272005558014,0.010876147076487541,-0.8981745839118958,-0.05894925817847252,-0.06984596699476242,-0.8973671793937683,-0.14001747965812683,-0.021109458059072495,-0.6254110932350159,-0.11166604608297348,0.031027652323246002,-0.4656861126422882,-0.06166068837046623
A,0.0,0.0,0.0,-0.21581877768039703,-0.10455895960330963,-0.04524855688214302,-0.41344523429870605,-0.41077134013175964,-0.061115674674510956,-0.481706827878952,-0.759057879447937,-0.08462010324001312,-0.4098624885082245,-1.0,-0.09787669777870178,-0.2909431457519531,-0.6893039345741272,0.024289807304739952,-0.36383160948753357,-0.8484680652618408,-0.0753651037812233,-0.2955121099948883,-0.6190952658653259,-0.13038137555122375,-0.2289654165506363,-0.4491894245147705,-0.14779254794120789,-0.1709781140089035,-0.7420158386230469,0.014259915798902512,-0.24577714502811432,-0.8581898212432861,-0.10389138013124466,-0.16342569887638092,-0.5583873391151428,-0.1334088295698166,-0.09632397443056107,-0.3767804503440857,-0.11793902516365051,-0.05197302624583244,-0.7759343385696411,-0.012938285246491432,-0.13135680556297302,-0.8531463146209717,-0.12861523032188416,-0.06622166931629181,-0.5396749377250671,-0.10428372025489807,-0.012622877955436707,-0.3489325940608978,-0.04820779338479042,0.07173972576856613,-0.782741367816925,-0.04402133822441101,-0.023626184090971947,-0.8530364036560059,-0.10925048589706421,0.007505687419325113,-0.6213657855987549,-0.08082176744937897,0.05420984327793121,-0.4873456358909607,-0.03561648353934288
A,0.0,0.0,0.0,-0.21123087406158447,-0.1402629166841507,-0.0363205261528492,-0.39064955711364746,-0.45148342847824097,-0.04630034789443016,-0.4437878131866455,-0.7771256566047668,-0.06623382121324539,-0.37308141589164734,-1.0,-0.07835350930690765,-0.2638145685195923,-0.7024416923522949,0.04608682543039322,-0.32667914032936096,-0.8520735502243042,-0.04529397562146187,-0.2643895149230957,-0.6419943571090698,-0.10427143424749374,-0.20344747602939606,-0.47106221318244934,-0.12561920285224915,-0.14732816815376282,-0.7436584234237671,0.033423855900764465,-0.209551602602005,-0.8590629696846008,-0.07705184072256088,-0.13872206211090088,-0.5763263702392578,-0.1155318021774292,-0.08026973903179169,-0.378118634223938,-0.10754205286502838,-0.03233079984784126,-0.7636542916297913,0.004652353003621101,-0.1045394092798233,-0.8494606614112854,-0.10342339426279068,-0.05085887387394905,-0.5533120036125183,-0.08889034390449524,-0.004778074566274881,-0.34649011492729187,-0.04061080515384674,0.08512211591005325,-0.7559964060783386,-0.02747233584523201,-0.004234594292938709,-0.8346839547157288,-0.09099043160676956,0.01941400021314621,-0.6084833741188049,-0.06608577072620392,0.0613383986055851,-0.4518492519855499,-0.022922199219465256
A,0.0,0.0,0.0,-0.22883367538452148,-0.13314470648765564,-0.029010238125920296,-0.39530009031295776,-0.4628288149833679,-0.03576817736029625,-0.4230935871601105,-0.8029662370681763,-0.05413167551159859,-0.3381999135017395,-1.0,-0.06491827219724655,-0.25126373767852783,-0.7341457605361938,0.04835079610347748,-0.3126833736896515,-0.8978040218353271,-0.03356829658150673,-0.27672746777534485,-0.6699293851852417,-0.08725502341985703,-0.23046265542507172,-0.4860079884529114,-0.10744956880807877,-0.1288217455148697,-0.7631722092628479,0.030471082776784897,-0.1976158618927002,-0.8959183096885681,-0.07046543061733246,-0.15149419009685516,-0.6113411784172058,-0.10513648390769958,-0.10003769397735596,-0.3930113911628723,-0.09623845666646957,-0.009783422574400902,-0.7685792446136475,-0.002100827870890498,-0.09585534036159515,-0.872117280960083,-0.09667175263166428,-0.05859111249446869,-0.5704700350761414,-0.07915974408388138,-0.015745216980576515,-0.3476184904575348,-0.03303597867488861,0.11573169380426407,-0.7433953881263733,-0.03842364251613617,0.013414829969406128,-0.8306589126586914,-0.09296200424432755,0.02111375704407692,-0.6126434206962585,-0.06672585755586624,0.05813782289624214,-0.4526544511318207,-0.025388646870851517
A,0.0,0.0,0.0,-0.2069104015827179,-0.13817881047725677,-0.03268437460064888,-0.3669636845588684,-0.47370532155036926,-0.03889579325914383,-0.39951980113983154,-0.8072783946990967,-0.05412951856851578,-0.3167301118373871,-1.0,-0.05985947325825691,-0.22363965213298798,-0.7172302603721619,0.0440785214304924,-0.28902509808540344,-0.8692482113838196,-0.040469665080308914,-0.24865411221981049,-0.6393553614616394,-0.08986418694257736,-0.20589487254619598,-0.4551708996295929,-0.1057039350271225,-0.10513237118721008,-0.7389540672302246,0.0302630253136158,-0.17999166250228882,-0.8582809567451477,-0.07264791429042816,-0.12900637090206146,-0.5679774284362793,-0.1030988022685051,-0.08402444422245026,-0.3768532872200012,-0.09078386425971985,0.010964838787913322,-0.7421973943710327,0.0010362319881096482,-0.07735124230384827,-0.8280752301216125,-0.09803886711597443,-0.03882177546620369,-0.5262088775634766,-0.07764255255460739,-0.0032239537686109543,-0.3394036293029785,-0.029128866270184517,0.1316632777452469,-0.7145275473594666,-0.03166303411126137,0.03226137161254883,-0.7855979800224304,-0.08744905889034271,0.04340723901987076,-0.560067355632782,-0.06070854142308235,0.07653948664665222,-0.4253241717815399,-0.019250618293881416
A,0.0,0.0,0.0,-0.20435312390327454,-0.12200027704238892,-0.05415184795856476,-0.37527674436569214,-0.46361076831817627,-0.06615827232599258,-0.41767698526382446,-0.8069450855255127,-0.08057205379009247,-0.32952508330345154,-1.0,-0.08370234817266464,-0.2427041232585907,-0.7664458155632019,0.02389235980808735,-0.30161431431770325,-0.847532331943512,-0.06057489663362503,-0.25437530875205994,-0.6106047630310059,-0.11509615182876587,-0.21159915626049042,-0.43816134333610535,-0.13776205480098724,-0.12502317130565643,-0.81879723072052,0.020984400063753128,-0.18185028433799744,-0.8235775232315063,-0.07583022117614746,-0.1282559335231781,-0.5318685173988342,-0.10591012984514236,-0.08916566520929337,-0.3464808464050293,-0.09776666760444641,-0.006656724028289318,-0.8248529434204102,0.0011083876015618443,-0.06965385377407074,-0.7904587984085083,-0.09482915699481964,-0.033199138939380646,-0.49204713106155396,-0.07715600728988647,-0.008734245784580708,-0.3019007742404938,-0.033512428402900696,0.11049892753362656,-0.7870354056358337,-0.024965394288301468,0.03406382352113724,-0.7625284194946289,-0.08418789505958557,0.04763129726052284,-0.5332061648368835,-0.06352141499519348,0.07398136705160141,-0.3958686888217926,-0.026118002831935883
A,0.0,0.0,0.0,-0.19602684676647186,-0.14263378083705902,-0.048662375658750534,-0.3486887812614441,-0.488824725151062,-0.061905018985271454,-0.3821107745170593,-0.8206740021705627,-0.07698971778154373,-0.2949264943599701,-1.0,-0.08160668611526489,-0.22145254909992218,-0.797014057636261,0.020485712215304375,-0.27405261993408203,-0.8293929696083069,-0.05624011904001236,-0.2269272357225418,-0.5869445204734802,-0.10746394097805023,-0.19430944323539734,-0.43257102370262146,-0.1303205043077469,-0.10794217884540558,-0.8418439030647278,0.015690159052610397,-0.16664427518844604,-0.8000791072845459,-0.07036818563938141,-0.11262121051549911,-0.5000490546226501,-0.09487906098365784,-0.07807628810405731,-0.3249286413192749,-0.08601349592208862,0.005344836041331291,-0.8344449996948242,-0.004223316442221403,-0.0629744827747345,-0.7516506910324097,-0.08929096907377243,-0.02622910588979721,-0.46203964948654175,-0.06952842324972153,-0.0011656845454126596,-0.29129689931869507,-0.028665388002991676,0.11541853845119476,-0.7808117866516113,-0.029896102845668793,0.040154799818992615,-0.7325265407562256,-0.07816239446401596,0.05171813443303108,-0.521272599697113,-0.053825460374355316,0.07760018110275269,-0.40674883127212524,-0.01717582531273365
A,0.0,0.0,0.0,-0.19846132397651672,-0.15688537061214447,-0.06539542227983475,-0.3494341969490051,-0.5024871826171875,-0.08769689500331879,-0.3783472776412964,-0.8315209746360779,-0.10799451172351837,-0.27756911516189575,-1.0,-0.1156134083867073,-0.21827328205108643,-0.8475645780563354,-0.005000355653464794,-0.2687225639820099,-0.8159597516059875,-0.08897235989570618,-0.2226112335920334,-0.5974153280258179,-0.1439368575811386,-0.193727508187294,-0.4475055932998657,-0.1682748943567276,-0.10187546908855438,-0.8908910155296326,-0.002824249677360058,-0.15039999783039093,-0.7801381349563599,-0.09251310676336288,-0.10190505534410477,-0.504021406173706,-0.11966320127248764,-0.07440890371799469,-0.32737332582473755,-0.11362048983573914,0.012913109734654427,-0.8707658648490906,-0.016547005623579025,-0.03811211511492729,-0.7239944934844971,-0.10266949981451035,-0.010911584831774235,-0.4561268985271454,-0.08772225677967072,0.002565226284787059,-0.2773953974246979,-0.05059200897812843,0.12132905423641205,-0.799903929233551,-0.03863200917840004,0.06838775426149368,-0.6926725506782532,-0.08983496576547623,0.07388193160295486,-0.4977681338787079,-0.07388392090797424,0.08807472139596939,-0.37567925453186035,-0.04234827682375908
A,0.0,0.0,0.0,-0.19894316792488098,-0.12219247221946716,-0.07835088670253754,-0.3636774718761444,-0.45891788601875305,-0.1021449863910675,-0.40484878420829773,-0.8056963682174683,-0.11943865567445755,-0.31412366032600403,-1.0,-0.12111004441976547,-0.24138127267360687,-0.8462188839912415,-0.01572492904961109,-0.30433741211891174,-0.7825565934181213,-0.09246664494276047,-0.2501569986343384,-0.5842844247817993,-0.13394410908222198,-0.21333475410938263,-0.5086779594421387,-0.15350452065467834,-0.12466941773891449,-0.9153317809104919,-0.008205417543649673,-0.18028795719146729,-0.7690527439117432,-0.09525680541992188,-0.12899041175842285,-0.49383485317230225,-0.11344240605831146,-0.09411641955375671,-0.36558255553245544,-0.10225143283605576,-0.009480156004428864,-0.900179386138916,-0.01741289533674717,-0.05799419432878494,-0.7053521871566772,-0.10717853903770447,-0.028127310797572136,-0.43107715249061584,-0.08708524703979492,-0.00237223575823009,-0.2947581708431244,-0.046553149819374084,0.10139739513397217,-0.8313513398170471,-0.03608139604330063,0.04816890507936478,-0.6758741140365601,-0.0932207778096199,0.057313937693834305,-0.47414496541023254,-0.08107529580593109,0.08008388429880142,-0.3753775656223297,-0.05192802846431732
A,0.0,0.0,0.0,-0.24204257130622864,-0.08158379793167114,-0.08468563854694366,-0.4348098039627075,-0.39664188027381897,-0.1142456978559494,-0.4998045861721039,-0.7590978145599365,-0.13615794479846954,-0.44084683060646057,-1.0,-0.13802780210971832,-0.3222130835056305,-0.8799412846565247,-0.019325150176882744,-0.4105103611946106,-0.7797587513923645,-0.11069344729185104,-0.33495187759399414,-0.5254790782928467,-0.15708765387535095,-0.28854766488075256,-0.4188607931137085,-0.17450180649757385,-0.20667214691638947,-0.9773783087730408,-0.010712029412388802,-0.29109853506088257,-0.75413978099823,-0.09869550913572311,-0.21151220798492432,-0.4631500542163849,-0.10560446977615356,-0.1610371172428131,-0.3688371777534485,-0.08784496784210205,-0.086678646504879,-0.9771655201911926,-0.02221297100186348,-0.1604045033454895,-0.7228071689605713,-0.11289108544588089,-0.1033797636628151,-0.444740891456604,-0.07988937944173813,-0.0600573867559433,-0.35032251477241516,-0.03275991231203079,0.03301166370511055,-0.9172042012214661,-0.04449333995580673,-0.04235599562525749,-0.7121453285217285,-0.09773773699998856,-0.007227106019854546,-0.5053078532218933,-0.07528554648160934,0.03593272343277931,-0.4367741644382477,-0.038909636437892914
A,0.0,0.0,0.0,-0.24830305576324463,-0.05596252530813217,-0.07048294693231583,-0.47118842601776123,-0.3380175530910492,-0.09491723775863647,-0.5574405193328857,-0.6862889528274536,-0.11735497415065765,-0.5076382756233215,-0.9528933167457581,-0.12382316589355469,-0.39201462268829346,-0.8571925759315491,0.006241580005735159,-0.4701067805290222,-0.7065575122833252,-0.09738919138908386,-0.371818870306015,-0.4683331549167633,-0.165354922413826,-0.29914233088493347,-0.32116231322288513,-0.19270144402980804,-0.27910110354423523,-0.9734951853752136,0.0070799472741782665,-0.34256240725517273,-0.7345052361488342,-0.09828073531389236,-0.23194244503974915,-0.4470400810241699,-0.1295931190252304,-0.160727858543396,-0.28702297806739807,-0.12048118561506271,-0.15257887542247772,-1.0,-0.01114297192543745,-0.20846988260746002,-0.7322677969932556,-0.11592287570238113,-0.12018261849880219,-0.44996610283851624,-0.09603730589151382,-0.0614921934902668,-0.28978875279426575,-0.04818064346909523,-0.024453995749354362,-0.9631158113479614,-0.03861037641763687,-0.091275654733181,-0.7580579519271851,-0.10125023871660233,-0.04065695032477379,-0.5460502505302429,-0.08048555254936218,0.008229637518525124,-0.4409628212451935,-0.03878847509622574
A,0.0,0.0,0.0,-0.25019320845603943,-0.03125975653529167,-0.07423222810029984,-0.48596611618995667,-0.30710381269454956,-0.09832654893398285,-0.5816295146942139,-0.669167160987854,-0.12051190435886383,-0.5247194170951843,-0.9450119733810425,-0.12644627690315247,-0.4160182774066925,-0.8292014598846436,0.009147684089839458,-0.506435215473175,-0.7074171304702759,-0.08662184327840805,-0.39673590660095215,-0.4842638373374939,-0.15054388344287872,-0.3184018135070801,-0.3632705509662628,-0.1775318682193756,-0.3039945065975189,-0.9574112892150879,0.012697834521532059,-0.371698796749115,-0.7419463396072388,-0.09159501641988754,-0.24253307282924652,-0.4577379822731018,-0.12169516086578369,-0.16298626363277435,-0.30783843994140625,-0.11121085286140442,-0.17805375158786774,-1.0,-0.0031447671353816986,-0.23817433416843414,-0.7765269875526428,-0.10942226648330688,-0.13551148772239685,-0.48202401399612427,-0.08748117089271545,-0.06817638128995895,-0.31373733282089233,-0.03697768971323967,-0.04864899069070816,-0.9840400218963623,-0.028671715408563614,-0.11429131031036377,-0.8081638813018799,-0.09601467102766037,-0.057460132986307144,-0.5758320093154907,-0.07575719058513641,-0.002575026359409094,-0.45513173937797546,-0.033507537096738815
A,0.0,0.0,0.0,-0.23743870854377747,-0.052084870636463165,-0.05094693973660469,-0.4584117829799652,-0.3579924404621124,-0.0646793469786644,-0.5312862992286682,-0.7422933578491211,-0.08521565049886703,-0.45970264077186584,-1.0,-0.09452874213457108,-0.3400697112083435,-0.6907538771629333,0.02876160480082035,-0.4211839735507965,-0.8381369709968567,-0.07069481164216995,-0.34955012798309326,-0.5863301157951355,-0.12644419074058533,-0.2860327959060669,-0.4081687927246094,-0.1450914591550827,-0.21666572988033295,-0.7715064287185669,0.018108775839209557,-0.3011694550514221,-0.8673474788665771,-0.10319627076387405,-0.2092062085866928,-0.5510497093200684,-0.1341419667005539,-0.14003953337669373,-0.35683706402778625,-0.11716504395008087,-0.09208790957927704,-0.8204222917556763,-0.011301195248961449,-0.18017755448818207,-0.8732757568359375,-0.12930865585803986,-0.09859808534383774,-0.5405594706535339,-0.10266799479722977,-0.03875839337706566,-0.3390345573425293,-0.0437912680208683,0.04310924932360649,-0.839909553527832,-0.045959778130054474,-0.06052570417523384,-0.8613511919975281,-0.11421938985586166,-0.01738866977393627,-0.6167393922805786,-0.08520810306072235,0.03561358153820038,-0.4854064881801605,-0.03842131048440933
A,0.0,0.0,0.0,-0.26939693093299866,-0.08521506935358047,-0.028067737817764282,-0.48606249690055847,-0.38820376992225647,-0.02996736764907837,-0.5485146641731262,-0.7607859969139099,-0.050403982400894165,-0.46632474660873413,-1.0,-0.06580209732055664,-0.3537587523460388,-0.6984323859214783,0.0980980396270752,-0.4280884861946106,-0.8800011277198792,0.007351611275225878,-0.3748188316822052,-0.692688524723053,-0.06269031763076782,-0.3104995787143707,-0.5036887526512146,-0.09165045619010925,-0.22696861624717712,-0.7783867120742798,0.07586465775966644,-0.31425824761390686,-0.9387979507446289,-0.034741129726171494,-0.2329176813364029,-0.6545310616493225,-0.0860237404704094,-0.1504518687725067,-0.4114498198032379,-0.08270517736673355,-0.0987473651766777,-0.827536940574646,0.03421662747859955,-0.1962827891111374,-0.9583343267440796,-0.0794997364282608,-0.12206654250621796,-0.638752281665802,-0.07147519290447235,-0.05003964900970459,-0.3814144730567932,-0.02135121263563633,0.04007289931178093,-0.8384544253349304,-0.0111390994861722,-0.07563980668783188,-0.9520341157913208,-0.0793013647198677,-0.04189315065741539,-0.7297791242599487,-0.053605806082487106,0.017147548496723175,-0.5499435067176819,-0.006808229722082615
A,0.0,0.0,0.0,-0.28188106417655945,-0.11938786506652832,-0.015206965617835522,-0.4778076410293579,-0.42525285482406616,-0.0070948065258562565,-0.5270734429359436,-0.7682087421417236,-0.01992233656346798,-0.4432664215564728,-0.9245470762252808,-0.02751445770263672,-0.35312798619270325,-0.6825423836708069,0.11819332838058472,-0.4143284559249878,-0.9177546501159668,0.04434977471828461,-0.36437442898750305,-0.7371838092803955,-0.018588023260235786,-0.30167675018310547,-0.5623255968093872,-0.04731783643364906,-0.2259492427110672,-0.7538220882415771,0.09231330454349518,-0.2876513600349426,-0.962611198425293,-0.008251214399933815,-0.2159198522567749,-0.6946315765380859,-0.06086773797869682,-0.13978701829910278,-0.4601098299026489,-0.06149401143193245,-0.09522741287946701,-0.7988746166229248,0.048951584845781326,-0.17798276245594025,-1.0,-0.045794591307640076,-0.11634558439254761,-0.7082427144050598,-0.037736669182777405,-0.048122771084308624,-0.4548174738883972,0.005942101124674082,0.048158545047044754,-0.8116837739944458,0.0014308327808976173,-0.05100709944963455,-0.9688466787338257,-0.05026905611157417,-0.03067866526544094,-0.7630178332328796,-0.022942662239074707,0.02040768228471279,-0.5825520753860474,0.02003038488328457
A,0.0,0.0,0.0,-0.29124343395233154,-0.15200139582157135,0.012719111517071724,-0.4449210464954376,-0.4665271043777466,0.05484146252274513,-0.4300040602684021,-0.7744986414909363,0.07216884195804596,-0.3338739573955536,-0.8900781273841858,0.09436933696269989,-0.31891363859176636,-0.679459810256958,0.2040364146232605,-0.3492518961429596,-0.9237171411514282,0.15291979908943176,-0.3135417699813843,-0.7652697563171387,0.09148067981004715,-0.26313310861587524,-0.5793715119361877,0.06306321173906326,-0.1775812953710556,-0.7449364066123962,0.17630653083324432,-0.2187894880771637,-0.9792092442512512,0.09692490845918655,-0.16771988570690155,-0.7067831158638,0.0318363718688488,-0.1109747588634491,-0.44485369324684143,0.023254526779055595,-0.038446709513664246,-0.7778555750846863,0.13093845546245575,-0.09662763774394989,-1.0,0.04527388885617256,-0.05491634085774422,-0.6863350868225098,0.038350123912096024,0.00033061669091694057,-0.41202807426452637,0.0733705684542656,0.11748430877923965,-0.7792470455169678,0.08468854427337646,0.043758247047662735,-0.9503263831138611,0.03822416439652443,0.05211181193590164,-0.7008753418922424,0.06412368267774582,0.09111843258142471,-0.4940173327922821,0.1071806475520134
A,0.0,0.0,0.0,-0.2576221227645874,-0.18041104078292847,-0.011796901002526283,-0.3966876268386841,-0.5598644614219666,0.014627967029809952,-0.366100937128067,-0.89728844165802,0.021923411637544632,-0.2531547248363495,-0.975758969783783,0.03645294904708862,-0.2332303822040558,-0.7263138294219971,0.14759843051433563,-0.2265121340751648,-0.9978780150413513,0.08419442176818848,-0.2145071029663086,-0.8093406558036804,0.025047264993190765,-0.1894044727087021,-0.6206623315811157,-0.001623043091967702,-0.08366961032152176,-0.7414249777793884,0.12549804151058197,-0.08669819682836533,-1.0,0.030952349305152893,-0.08347759395837784,-0.6937711834907532,-0.026517195627093315,-0.06294700503349304,-0.4280513525009155,-0.027093375101685524,0.05556153133511543,-0.7324965000152588,0.08575523644685745,0.03161802887916565,-0.9904487133026123,-0.006266089156270027,0.02543918415904045,-0.6630150079727173,-0.002780043985694647,0.03910991922020912,-0.3942490220069885,0.03940786048769951,0.20139512419700623,-0.688808798789978,0.04268738254904747,0.1647057980298996,-0.88165283203125,-0.0043800752609968185,0.138575941324234,-0.6420376896858215,0.02434820495545864,0.14335496723651886,-0.44723767042160034,0.06823408603668213
A,0.0,0.0,0.0,-0.18315750360488892,-0.21276848018169403,-0.022855155169963837,-0.2877042591571808,-0.5737113952636719,-0.011141857132315636,-0.26079657673835754,-0.8842729926109314,-0.011215132661163807,-0.162557452917099,-1.0,-0.0001358960143988952,-0.13333308696746826,-0.7198915481567383,0.10025836527347565,-0.12751911580562592,-0.932402491569519,0.025750530883669853,-0.1259644627571106,-0.7372889518737793,-0.03277125582098961,-0.11943967640399933,-0.5513964891433716,-0.0570174865424633,-0.012399538420140743,-0.6991775631904602,0.08750364929437637,-0.019682839512825012,-0.8991816639900208,-0.009983404539525509,-0.0268083605915308,-0.6000419855117798,-0.055834777653217316,-0.028112664818763733,-0.37590551376342773,-0.052142515778541565,0.10096670687198639,-0.6659256219863892,0.05778154730796814,0.07952655851840973,-0.8589192628860474,-0.04064355418086052,0.05248655751347542,-0.5495448708534241,-0.03140825033187866,0.04419230669736862,-0.31104254722595215,0.01379490364342928,0.22056765854358673,-0.6071568727493286,0.025227298960089684,0.17635291814804077,-0.7575700283050537,-0.031053539365530014,0.14240477979183197,-0.5485939979553223,-0.00830223597586155,0.14031976461410522,-0.39218372106552124,0.03234217315912247
A,0.0,0.0,0.0,-0.18248103559017181,-0.1974988579750061,-0.04070630297064781,-0.30893197655677795,-0.525985062122345,-0.05272863060235977,-0.3123893439769745,-0.841748058795929,-0.0726831704378128,-0.21327653527259827,-1.0,-0.08353835344314575,-0.16201181709766388,-0.719546914100647,0.04059354215860367,-0.18330857157707214,-0.8888293504714966,-0.03899294137954712,-0.1599360853433609,-0.6784141063690186,-0.08976767212152481,-0.14255191385746002,-0.49027153849601746,-0.10755405575037003,-0.047850001603364944,-0.7175353169441223,0.03138609975576401,-0.08069448918104172,-0.867189347743988,-0.06375593692064285,-0.05836739018559456,-0.5804721713066101,-0.09724792838096619,-0.043896034359931946,-0.36733871698379517,-0.08932726085186005,0.06330692768096924,-0.6942102313041687,0.006587454117834568,0.023239701986312866,-0.8293330669403076,-0.09016764909029007,0.025665242224931717,-0.534739077091217,-0.07768118381500244,0.025121329352259636,-0.3158870041370392,-0.03348124027252197,0.17119720578193665,-0.6392813324928284,-0.021841689944267273,0.1235744059085846,-0.7739772796630859,-0.07854332029819489,0.10685867071151733,-0.5704022645950317,-0.055838149040937424,0.10532409697771072,-0.40827813744544983,-0.01671392098069191
A,0.0,0.0,0.0,-0.2077881395816803,-0.1616668999195099,-0.05245419591665268,-0.35962000489234924,-0.47801679372787476,-0.06816545873880386,-0.38348373770713806,-0.8156508803367615,-0.09061270207166672,-0.2866806089878082,-1.0,-0.10187684744596481,-0.23078396916389465,-0.7174252867698669,0.03538071736693382,-0.27200770378112793,-0.87713623046875,-0.06188632547855377,-0.23375818133354187,-0.6448127031326294,-0.11928626149892807,-0.19849827885627747,-0.4983084499835968,-0.13979938626289368,-0.1112808957695961,-0.739558756351471,0.026045583188533783,-0.14920856058597565,-0.876919150352478,-0.08232251554727554,-0.10836761444807053,-0.5590618848800659,-0.11039724200963974,-0.07652127742767334,-0.3939739465713501,-0.09569302946329117,0.010246426798403263,-0.7353038787841797,-0.0025970858987420797,-0.030055729672312737,-0.8555667996406555,-0.11484932899475098,-0.01108573842793703,-0.5251952409744263,-0.08672600239515305,0.003926836419850588,-0.33635082840919495,-0.028138596564531326,0.12971188127994537,-0.6899610161781311,-0.03633636608719826,0.08581376820802689,-0.8316559195518494,-0.09498757123947144,0.07573982328176498,-0.5891556739807129,-0.05754612758755684,0.08042655140161514,-0.42925122380256653,-0.006463269237428904
A,0.0,0.0,0.0,-0.23698033392429352,-0.11226865649223328,-0.05693447217345238,-0.4215525686740875,-0.402923583984375,-0.07811640948057175,-0.4797010123729706,-0.7617852091789246,-0.10333214700222015,-0.39534321427345276,-1.0,-0.11542768031358719,-0.3153710663318634,-0.7398681044578552,0.022332796826958656,-0.37644606828689575,-0.8575823903083801,-0.07692956924438477,-0.31032106280326843,-0.6191208958625793,-0.13562138378620148,-0.2552567422389984,-0.45620739459991455,-0.15757553279399872,-0.19374573230743408,-0.8053893446922302,0.01582724042236805,-0.25111356377601624,-0.8758274912834167,-0.09642466902732849,-0.1799301654100418,-0.5626688599586487,-0.12659218907356262,-0.13234424591064453,-0.383969247341156,-0.11510279029607773,-0.06770989298820496,-0.8424038290977478,-0.009359738789498806,-0.12732091546058655,-0.8799437284469604,-0.12096364051103592,-0.07980599254369736,-0.5496367812156677,-0.09489520639181137,-0.04384186118841171,-0.3520052433013916,-0.04028300195932388,0.061467621475458145,-0.8402412533760071,-0.04056411236524582,-0.013890047557651997,-0.8892478942871094,-0.10153283923864365,-0.005780964624136686,-0.6399437189102173,-0.0703219473361969,0.019492335617542267,-0.4906998872756958,-0.023829493671655655
A,0.0,0.0,0.0,-0.25091955065727234,-0.047425467520952225,-0.0691121369600296,-0.4862935543060303,-0.31484901905059814,-0.09181181341409683,-0.5844410061836243,-0.6727374196052551,-0.11429133266210556,-0.5296376347541809,-0.9492375254631042,-0.12145200371742249,-0.39304500818252563,-0.8305830955505371,0.011862694285809994,-0.4830534756183624,-0.7589468359947205,-0.09185139089822769,-0.38615962862968445,-0.5185185074806213,-0.15997451543807983,-0.30901384353637695,-0.36955106258392334,-0.18967537581920624,-0.27482491731643677,-0.9538598656654358,0.009656514972448349,-0.34824129939079285,-0.7837548851966858,-0.09212899208068848,-0.24037358164787292,-0.4883350729942322,-0.12198421359062195,-0.17100772261619568,-0.32114407420158386,-0.11626331508159637,-0.14428329467773438,-1.0,-0.012619017623364925,-0.2219628095626831,-0.8102945685386658,-0.11981087923049927,-0.13411515951156616,-0.5028262734413147,-0.09551748633384705,-0.07298773527145386,-0.3127976357936859,-0.04747305437922478,-0.008888575248420238,-0.9825698733329773,-0.044000037014484406,-0.09699692577123642,-0.8314788937568665,-0.11997201293706894,-0.05120420083403587,-0.5747661590576172,-0.10015711188316345,8.38568084873259e-05,-0.4205220639705658,-0.05918046832084656
A,0.0,0.0,0.0,-0.22422130405902863,-0.06620771437883377,-0.04739401862025261,-0.4286665916442871,-0.3335287570953369,-0.07200855761766434,-0.5043095946311951,-0.6642639636993408,-0.0984453484416008,-0.4586533010005951,-0.9371657967567444,-0.10955756157636642,-0.31916725635528564,-0.8813523650169373,0.0010823365300893784,-0.4616451561450958,-0.7278004884719849,-0.1033673956990242,-0.383463054895401,-0.48120543360710144,-0.16518263518810272,-0.3022676110267639,-0.3334655165672302,-0.19211116433143616,-0.2139311581850052,-0.9810848236083984,-0.01498641911894083,-0.3663853704929352,-0.7117796540260315,-0.12701135873794556,-0.24624933302402496,-0.41691476106643677,-0.1520574539899826,-0.15738138556480408,-0.26725828647613525,-0.1421818882226944,-0.09883161634206772,-1.0,-0.04779043793678284,-0.25106722116470337,-0.7098096609115601,-0.1644078940153122,-0.13813090324401855,-0.4216904044151306,-0.13781356811523438,-0.05767817050218582,-0.2619614005088806,-0.08848496526479721,0.02233828976750374,-0.941475510597229,-0.0871066302061081,-0.12235032767057419,-0.721473753452301,-0.17885690927505493,-0.060769081115722656,-0.4758720397949219,-0.16782574355602264,0.0047586821019649506,-0.34402522444725037,-0.13166140019893646
A,0.0,0.0,0.0,-0.23405547440052032,-0.09215375781059265,-0.054710764437913895,-0.42672640085220337,-0.4032321870326996,-0.07657735794782639,-0.47942087054252625,-0.7529422640800476,-0.10009066760540009,-0.39876627922058105,-1.0,-0.10802412033081055,-0.2854346036911011,-0.8817164301872253,0.008403677493333817,-0.40699493885040283,-0.7685936093330383,-0.097710520029068,-0.3354463577270508,-0.5164517164230347,-0.16237112879753113,-0.27130427956581116,-0.399556428194046,-0.19176872074604034,-0.1718151718378067,-0.9666489362716675,-0.0015919182915240526,-0.29946252703666687,-0.7706388831138611,-0.10905912518501282,-0.20583291351795197,-0.46346810460090637,-0.12823137640953064,-0.13906969130039215,-0.3366807699203491,-0.11358299106359482,-0.05504518747329712,-0.9762890338897705,-0.03094557300209999,-0.1747477501630783,-0.7434948086738586,-0.1429351419210434,-0.09212913364171982,-0.437599241733551,-0.11416680365800858,-0.034433167427778244,-0.30118101835250854,-0.06255968660116196,0.061249177902936935,-0.917590320110321,-0.06792441755533218,-0.05232623964548111,-0.733833909034729,-0.1433001607656479,-0.006717454642057419,-0.5033026933670044,-0.12660491466522217,0.04438326507806778,-0.4093538522720337,-0.0890282616019249
A,0.0,0.0,0.0,-0.222701758146286,-0.09754925221204758,-0.07574097067117691,-0.4097379744052887,-0.42655661702156067,-0.10073086619377136,-0.4645668864250183,-0.7887447476387024,-0.12052039057016373,-0.3648466467857361,-1.0,-0.12364230304956436,-0.2969897389411926,-0.8842149376869202,-0.013265004381537437,-0.3478778600692749,-0.8017966747283936,-0.10660579055547714,-0.2619085907936096,-0.5512269735336304,-0.1619005799293518,-0.20955069363117218,-0.4186597466468811,-0.18577562272548676,-0.17127805948257446,-0.9795680046081543,-0.009292571805417538,-0.22186613082885742,-0.8161962032318115,-0.10078337043523788,-0.13639678061008453,-0.502203643321991,-0.11828047037124634,-0.08767224848270416,-0.3509043753147125,-0.10499699413776398,-0.04138358682394028,-0.9904483556747437,-0.02379993349313736,-0.0848657414317131,-0.7853788137435913,-0.12073273211717606,-0.031006399542093277,-0.46648281812667847,-0.09384878724813461,0.00038959275116212666,-0.30367526412010193,-0.04597175121307373,0.08774743229150772,-0.9439641237258911,-0.04744734615087509,0.031771011650562286,-0.7981622815132141,-0.10512170940637589,0.04441310837864876,-0.5497319102287292,-0.08089670538902283,0.06440726667642593,-0.4262753129005432,-0.04170896112918854
A,0.0,0.0,0.0,-0.1750023514032364,-0.13304805755615234,-0.08712533861398697,-0.2984226942062378,-0.45952069759368896,-0.12017203122377396,-0.31415262818336487,-0.797129213809967,-0.14714014530181885,-0.21429453790187836,-1.0,-0.16037686169147491,-0.1896023005247116,-0.7871495485305786,-0.023518726229667664,-0.19338440895080566,-0.8257003426551819,-0.12010398507118225,-0.1491553634405136,-0.602769136428833,-0.17223593592643738,-0.1264098584651947,-0.48386773467063904,-0.19074077904224396,-0.081898994743824,-0.8373602032661438,-0.00794223602861166,-0.07709096372127533,-0.799787700176239,-0.1114484965801239,-0.046685513108968735,-0.4855111837387085,-0.13459917902946472,-0.036628205329179764,-0.3300328552722931,-0.120578333735466,0.02483293227851391,-0.8262322545051575,-0.010870025493204594,0.03520473837852478,-0.753709614276886,-0.12222625315189362,0.03330213204026222,-0.4451286792755127,-0.10813461244106293,0.024881428107619286,-0.27629268169403076,-0.06265846639871597,0.1267530769109726,-0.7733467817306519,-0.020791977643966675,0.12778525054454803,-0.7418579459190369,-0.08726023137569427,0.10574658960103989,-0.5128220319747925,-0.07096748799085617,0.0874989852309227,-0.3794941306114197,-0.03427315130829811
A,0.0,0.0,0.0,-0.1534644514322281,-0.16471907496452332,-0.06749633699655533,-0.20835761725902557,-0.5344851613044739,-0.08795440942049026,-0.15830323100090027,-0.8580623865127563,-0.1078910231590271,-0.03658844530582428,-1.0,-0.1177736297249794,-0.12819483876228333,-0.6985000371932983,0.00425807386636734,-0.11637603491544724,-0.888668417930603,-0.09295336157083511,-0.0946112871170044,-0.7348495721817017,-0.15008306503295898,-0.06405582278966904,-0.6106812953948975,-0.16995742917060852,-0.01755092665553093,-0.6895240545272827,0.010110313072800636,0.009988946840167046,-0.8260956406593323,-0.10281616449356079,0.0018654057057574391,-0.531744122505188,-0.13065609335899353,0.0019395130220800638,-0.3501151204109192,-0.11323417723178864,0.08506940305233002,-0.6511743664741516,-0.0025962505023926497,0.10740561038255692,-0.7427948117256165,-0.11411236971616745,0.07387959212064743,-0.44934287667274475,-0.09500791877508163,0.05344615504145622,-0.27199748158454895,-0.04191845655441284,0.18179304897785187,-0.5847541093826294,-0.021075882017612457,0.1897800862789154,-0.6758424639701843,-0.08270388096570969,0.1512266844511032,-0.470193088054657,-0.059709787368774414,0.12757734954357147,-0.3405706286430359,-0.018257422372698784
A,0.0,0.0,0.0,-0.15426655113697052,-0.1775708645582199,-0.06412221491336823,-0.2115868628025055,-0.5300891995429993,-0.08375014364719391,-0.16831031441688538,-0.8478478193283081,-0.10517435520887375,-0.05430944636464119,-1.0,-0.11689107120037079,-0.12926024198532104,-0.6855745911598206,0.014989566057920456,-0.10673759877681732,-0.8679418563842773,-0.07727666944265366,-0.09005258977413177,-0.7166870832443237,-0.1316688060760498,-0.06970468908548355,-0.5946165323257446,-0.1504938006401062,-0.02092716284096241,-0.6744421124458313,0.018680330365896225,0.012955388985574245,-0.8127065300941467,-0.0860891193151474,0.00033043205621652305,-0.53543621301651,-0.11416096985340118,-0.01039655040949583,-0.3678528070449829,-0.09980685263872147,0.07997260242700577,-0.637535035610199,0.00363432290032506,0.10969862341880798,-0.7331168055534363,-0.10371523350477219,0.07192867249250412,-0.45525649189949036,-0.08922315388917923,0.042773064225912094,-0.2921680808067322,-0.041245728731155396,0.1744343638420105,-0.56742262840271,-0.01656586118042469,0.19169260561466217,-0.6699085831642151,-0.07398014515638351,0.15238727629184723,-0.479584664106369,-0.05162685737013817,0.12149549275636673,-0.35530993342399597,-0.012681911699473858
A,0.0,0.0,0.0,-0.16501355171203613,-0.17204618453979492,-0.058522142469882965,-0.2503131031990051,-0.5067439675331116,-0.07350418716669083,-0.23734331130981445,-0.8401254415512085,-0.09318401664495468,-0.13705377280712128,-1.0,-0.10091240704059601,-0.15795788168907166,-0.7109084129333496,0.04858401045203209,-0.15306484699249268,-0.9055911302566528,-0.0397513173520565,-0.1324530392885208,-0.7101688981056213,-0.09495589137077332,-0.10937926918268204,-0.5504903793334961,-0.11221868544816971,-0.05021801218390465,-0.7122899293899536,0.05256657674908638,-0.03651775047183037,-0.8421281576156616,-0.042865052819252014,-0.03156714141368866,-0.5629113912582397,-0.07522573322057724,-0.03129742667078972,-0.39258015155792236,-0.06384976208209991,0.05232904106378555,-0.6848206520080566,0.03666144981980324,0.06548070162534714,-0.777311384677887,-0.06223675236105919,0.0451989620923996,-0.49537092447280884,-0.051109906286001205,0.029122646898031235,-0.3225366771221161,-0.00552426977083087,0.14825986325740814,-0.6266111731529236,0.015615293756127357,0.14701682329177856,-0.7234219312667847,-0.03479907289147377,0.12187124788761139,-0.5255604982376099,-0.011778985150158405,0.10913940519094467,-0.3953024744987488,0.028814801946282387
A,0.0,0.0,0.0,-0.1804829090833664,-0.15574751794338226,-0.04438921436667442,-0.30028992891311646,-0.47031736373901367,-0.05064171552658081,-0.31970784068107605,-0.8091846704483032,-0.06427745521068573,-0.24020947515964508,-1.0,-0.06682660430669785,-0.20507203042507172,-0.6759192943572998,0.06573887169361115,-0.22026784718036652,-0.8404919505119324,-0.016388526186347008,-0.16958904266357422,-0.6319481134414673,-0.06874623149633408,-0.12325574457645416,-0.48183250427246094,-0.08656786382198334,-0.09707830846309662,-0.6961414813995361,0.062335334718227386,-0.11330703645944595,-0.8375846743583679,-0.03433573246002197,-0.06901384890079498,-0.5352643132209778,-0.06528575718402863,-0.03281885385513306,-0.362011194229126,-0.05286325514316559,0.007793556898832321,-0.6871683597564697,0.04053759202361107,-0.005996938794851303,-0.8043591380119324,-0.05895759537816048,0.007852286100387573,-0.5020251870155334,-0.038766052573919296,0.0229229386895895,-0.3172127604484558,0.012960064224898815,0.11295642703771591,-0.645631730556488,0.014488453045487404,0.08605796098709106,-0.7656761407852173,-0.034376733005046844,0.07693564146757126,-0.5466488599777222,-0.0026097327936440706,0.08490758389234543,-0.403056800365448,0.04305754601955414
A,0.0,0.0,0.0,-0.21185624599456787,-0.13309316337108612,-0.03540881350636482,-0.36615675687789917,-0.4682958126068115,-0.041034996509552,-0.39301130175590515,-0.8150966167449951,-0.05672581493854523,-0.3107287883758545,-1.0,-0.06286687403917313,-0.23598812520503998,-0.6809937357902527,0.05119152367115021,-0.28468236327171326,-0.8519123196601868,-0.04264042153954506,-0.23513095080852509,-0.6199247241020203,-0.10440745204687119,-0.183371439576149,-0.4373856782913208,-0.1287442445755005,-0.11560259759426117,-0.7006688117980957,0.03635440394282341,-0.16721473634243011,-0.865471601486206,-0.07239529490470886,-0.12203827500343323,-0.5671011805534363,-0.10599139332771301,-0.08500448614358902,-0.3684992790222168,-0.09595809131860733,0.0014700837200507522,-0.7025159597396851,0.0034937704913318157,-0.0608598068356514,-0.8442604541778564,-0.09824131429195404,-0.03477760776877403,-0.5335510969161987,-0.07384082674980164,-0.01038180012255907,-0.32923051714897156,-0.021729230880737305,0.124642014503479,-0.678109347820282,-0.03425633907318115,0.050319984555244446,-0.794564962387085,-0.08598639070987701,0.049003660678863525,-0.5752843022346497,-0.05421099066734314,0.06680553406476974,-0.43020784854888916,-0.010809317231178284
A,0.0,0.0,0.0,-0.20141734182834625,-0.13352520763874054,-0.0034268866293132305,-0.3254809081554413,-0.4589209258556366,-0.0011235112324357033,-0.3200829029083252,-0.7847729325294495,-0.015067297965288162,-0.24882398545742035,-1.0,-0.024021532386541367,-0.17940892279148102,-0.704837441444397,0.06896428018808365,-0.2602802515029907,-0.8544513583183289,-0.02107025496661663,-0.23754684627056122,-0.6319102644920349,-0.08438847213983536,-0.1962147057056427,-0.4248812794685364,-0.10966409742832184,-0.07281965762376785,-0.7191818952560425,0.041326384991407394,-0.17716440558433533,-0.829370379447937,-0.06220428645610809,-0.1324000358581543,-0.5320629477500916,-0.0991838201880455,-0.07697032392024994,-0.3219182789325714,-0.09422435611486435,0.03765607252717018,-0.7258873581886292,-0.0011015442432835698,-0.08537564426660538,-0.8177632689476013,-0.098525270819664,-0.049374841153621674,-0.5067410469055176,-0.08265866339206696,0.0010165786370635033,-0.3030582368373871,-0.04039637744426727,0.15813469886779785,-0.7114977836608887,-0.045138269662857056,0.01765802502632141,-0.778490424156189,-0.10853388160467148,0.023701747879385948,-0.5540557503700256,-0.09038176387548447,0.069216787815094,-0.41211163997650146,-0.05487586185336113
A,0.0,0.0,0.0,-0.2114717662334442,-0.1306437999010086,-0.016159404069185257,-0.359745591878891,-0.43882307410240173,-0.02325518988072872,-0.382835328578949,-0.7647414803504944,-0.04363979399204254,-0.327179878950119,-1.0,-0.05590955913066864,-0.2252425253391266,-0.7539774179458618,0.05057338625192642,-0.3239321708679199,-0.891366183757782,-0.04149828851222992,-0.29075953364372253,-0.647278904914856,-0.09833376854658127,-0.2378208041191101,-0.4439140558242798,-0.11921993643045425,-0.1145053431391716,-0.7864619493484497,0.02618580125272274,-0.23106025159358978,-0.8567085266113281,-0.08407969027757645,-0.17115096747875214,-0.5444499254226685,-0.11650186032056808,-0.10643855482339859,-0.34560805559158325,-0.10622918605804443,0.0011654513655230403,-0.804854691028595,-0.013468753546476364,-0.13394789397716522,-0.8444306254386902,-0.11852286010980606,-0.07875239104032516,-0.5251398086547852,-0.09769327938556671,-0.019363274797797203,-0.3320167064666748,-0.04978465288877487,0.1263742595911026,-0.7876476049423218,-0.05584419518709183,-0.02537301927804947,-0.8070668578147888,-0.12715427577495575,-0.005746179725974798,-0.5598050355911255,-0.10878124088048935,0.044944263994693756,-0.41591352224349976,-0.07014817744493484
A,0.0,0.0,0.0,-0.22469668090343475,-0.12402094155550003,-0.02874314971268177,-0.3984072506427765,-0.4371453523635864,-0.03645455464720726,-0.44096338748931885,-0.7709819078445435,-0.055538177490234375,-0.3777419924736023,-1.0,-0.06561336666345596,-0.2699696123600006,-0.7321739792823792,0.04847704619169235,-0.3505387604236603,-0.8621819615364075,-0.05175330862402916,-0.29002946615219116,-0.6198329925537109,-0.11413482576608658,-0.22851084172725677,-0.4360399544239044,-0.13660457730293274,-0.14905720949172974,-0.766260027885437,0.02805233560502529,-0.23279331624507904,-0.8741780519485474,-0.08652107417583466,-0.16877387464046478,-0.5652832984924316,-0.12152156978845596,-0.11357953399419785,-0.36974918842315674,-0.1101071760058403,-0.0253940150141716,-0.7824810743331909,-0.009558391757309437,-0.11715484410524368,-0.860866904258728,-0.12023273855447769,-0.06943744421005249,-0.5342495441436768,-0.0972691997885704,-0.025415044277906418,-0.3384345769882202,-0.04367814213037491,0.10443460196256638,-0.7666176557540894,-0.050843290984630585,0.0005171379307284951,-0.8251367807388306,-0.11586371809244156,0.015240510925650597,-0.5758984684944153,-0.0880361869931221,0.05157671868801117,-0.4319661855697632,-0.04291144013404846
A,0.0,0.0,0.0,-0.21274884045124054,-0.11601410806179047,-0.04713309556245804,-0.3932352364063263,-0.4345381259918213,-0.05804987996816635,-0.44818052649497986,-0.7820488214492798,-0.07703091204166412,-0.37817084789276123,-1.0,-0.0877414122223854,-0.28120145201683044,-0.6734709143638611,0.04119482263922691,-0.33252424001693726,-0.8325230479240417,-0.053613193333148956,-0.2585293650627136,-0.634161114692688,-0.11569932103157043,-0.1926807165145874,-0.46506065130233765,-0.13854515552520752,-0.15724404156208038,-0.7190172076225281,0.03200790286064148,-0.21428827941417694,-0.8693822026252747,-0.07816939800977707,-0.1448436975479126,-0.5863878726959229,-0.11868476122617722,-0.09250416606664658,-0.37748828530311584,-0.11067448556423187,-0.03494900092482567,-0.7408069968223572,0.005221882369369268,-0.09013941884040833,-0.8504477739334106,-0.108018659055233,-0.04527060687541962,-0.5406203866004944,-0.0963662639260292,-0.012898237444460392,-0.31534114480018616,-0.046424541622400284,0.08818132430315018,-0.7315657734870911,-0.025601547211408615,0.020654713734984398,-0.8349459171295166,-0.09057215601205826,0.03201223909854889,-0.6099405288696289,-0.06546762585639954,0.056136880069971085,-0.43845534324645996,-0.021196778863668442
A,0.0,0.0,0.0,-0.22466133534908295,-0.11471174657344818,-0.04019178822636604,-0.41150742769241333,-0.43701648712158203,-0.048411741852760315,-0.4679204523563385,-0.7786868214607239,-0.06693645566701889,-0.40532493591308594,-1.0,-0.07630278915166855,-0.28629830479621887,-0.6966671943664551,0.052503786981105804,-0.3545713722705841,-0.849018394947052,-0.04364246875047684,-0.27792927622795105,-0.6458322405815125,-0.1073906347155571,-0.20672361552715302,-0.4769892990589142,-0.13121894001960754,-0.16476978361606598,-0.7452545762062073,0.03866547718644142,-0.22305957973003387,-0.8909367322921753,-0.07476142048835754,-0.1479049175977707,-0.5853607654571533,-0.11267431825399399,-0.09029632806777954,-0.37951186299324036,-0.1026533842086792,-0.04284172132611275,-0.7686594128608704,0.006602757144719362,-0.1040283590555191,-0.890895426273346,-0.10738176852464676,-0.05266835168004036,-0.5660709142684937,-0.08627595752477646,-0.010005739517509937,-0.34726858139038086,-0.030856486409902573,0.08205461502075195,-0.7603288888931274,-0.02949731983244419,0.012008571065962315,-0.8835541009902954,-0.08992951363325119,0.028605030849575996,-0.6514081358909607,-0.05644739419221878,0.05964535102248192,-0.4945407509803772,-0.007785797119140625
A,0.0,0.0,0.0,-0.21707318723201752,-0.10242347419261932,-0.05653086677193642,-0.39516380429267883,-0.409234881401062,-0.0739637240767479,-0.4502667188644409,-0.7685674428939819,-0.09708625078201294,-0.37422803044319153,-1.0,-0.10920723527669907,-0.2915283143520355,-0.6824042201042175,0.027366433292627335,-0.3419792652130127,-0.8443290591239929,-0.07007504999637604,-0.27063584327697754,-0.6413569450378418,-0.12852692604064941,-0.2123129516839981,-0.4847589135169983,-0.14873678982257843,-0.16885662078857422,-0.7323333024978638,0.022210830822587013,-0.22201380133628845,-0.881355881690979,-0.08959125727415085,-0.1481216698884964,-0.583464503288269,-0.12349863350391388,-0.09785657376050949,-0.39098724722862244,-0.1116325780749321,-0.046503785997629166,-0.7543467879295349,-0.0010333794634789228,-0.09521101415157318,-0.8769347071647644,-0.11837684363126755,-0.048114486038684845,-0.5514071583747864,-0.09787371009588242,-0.014760673977434635,-0.33053624629974365,-0.04161939397454262,0.0779520720243454,-0.7467533946037292,-0.029003899544477463,0.017396951094269753,-0.8618430495262146,-0.09666584432125092,0.028830334544181824,-0.6253409385681152,-0.06758247315883636,0.05109579488635063,-0.4541703462600708,-0.019858164712786674
A,0.0,0.0,0.0,-0.2123534381389618,-0.12364795058965683,-0.05602172762155533,-0.390704482793808,-0.4369221329689026,-0.07408688217401505,-0.4535711109638214,-0.786480724811554,-0.09802721440792084,-0.37332722544670105,-1.0,-0.11104075610637665,-0.29166358709335327,-0.7017795443534851,0.029637673869729042,-0.33375081419944763,-0.8855695128440857,-0.06678681820631027,-0.2615800201892853,-0.68526291847229,-0.12977327406406403,-0.20304220914840698,-0.5118850469589233,-0.15429198741912842,-0.1658172756433487,-0.7555177807807922,0.024687936529517174,-0.20650584995746613,-0.9152616858482361,-0.087930828332901,-0.1378336399793625,-0.6170019507408142,-0.12704479694366455,-0.08960527181625366,-0.4051515758037567,-0.1197214275598526,-0.03979457542300224,-0.7710474133491516,0.0023998806718736887,-0.0808354914188385,-0.9050109386444092,-0.1122187152504921,-0.03851304575800896,-0.5756598711013794,-0.0942586213350296,-0.0074548847042024136,-0.3375108540058136,-0.041335150599479675,0.0859236866235733,-0.7558766007423401,-0.02472834847867489,0.03150584548711777,-0.8637512922286987,-0.0922379270195961,0.03969809040427208,-0.6221988797187805,-0.06501992046833038,0.05901341140270233,-0.44499701261520386,-0.01946406625211239
A,0.0,0.0,0.0,-0.19993183016777039,-0.13017822802066803,-0.05218882113695145,-0.36919477581977844,-0.4396025538444519,-0.06722203642129898,-0.4236755073070526,-0.7920005917549133,-0.08813216537237167,-0.3384523391723633,-1.0,-0.09834739565849304,-0.2492944747209549,-0.6884675025939941,0.031133446842432022,-0.2960466146469116,-0.8583041429519653,-0.05951957404613495,-0.23843608796596527,-0.6573477387428284,-0.11438839137554169,-0.18872840702533722,-0.504473090171814,-0.13479195535182953,-0.13316598534584045,-0.7332780361175537,0.02568482793867588,-0.1832081526517868,-0.8863106369972229,-0.08060038834810257,-0.11762124300003052,-0.5874568819999695,-0.11169817298650742,-0.06915348768234253,-0.4018334448337555,-0.10035859048366547,-0.016866100952029228,-0.7510364055633545,0.00282758055254817,-0.06285341829061508,-0.8891674876213074,-0.1077292338013649,-0.024712827056646347,-0.5685747861862183,-0.08684343844652176,0.0051199221052229404,-0.353057324886322,-0.0338408537209034,0.10173937678337097,-0.736501932144165,-0.02473585121333599,0.048301421105861664,-0.8600594401359558,-0.08992847055196762,0.05133374407887459,-0.630650520324707,-0.06415797770023346,0.0668756514787674,-0.46649545431137085,-0.02115754224359989
A,0.0,0.0,0.0,-0.20314836502075195,-0.14863012731075287,-0.04711150750517845,-0.3605958819389343,-0.4426370859146118,-0.06203068420290947,-0.4015205204486847,-0.7857729196548462,-0.08439533412456512,-0.31834274530410767,-1.0,-0.09563283622264862,-0.2553692162036896,-0.6842855215072632,0.0439688116312027,-0.2972153127193451,-0.8430982828140259,-0.04486536979675293,-0.23735743761062622,-0.6665834784507751,-0.10249653458595276,-0.18734395503997803,-0.5242416262626648,-0.1242687925696373,-0.13967031240463257,-0.7263014912605286,0.036452583968639374,-0.17604659497737885,-0.876055121421814,-0.0689501166343689,-0.11777109652757645,-0.5957872271537781,-0.1051534116268158,-0.08205821365118027,-0.4056420624256134,-0.09743142127990723,-0.022076057270169258,-0.7343662977218628,0.011750508099794388,-0.055060047656297684,-0.8747978806495667,-0.09602721780538559,-0.024266017600893974,-0.5694419741630554,-0.07930972427129745,-0.006111049093306065,-0.34849414229393005,-0.029050791636109352,0.09879463165998459,-0.7069389224052429,-0.017641892656683922,0.05820533260703087,-0.8383080363273621,-0.07906993478536606,0.05386173352599144,-0.6303361654281616,-0.05408637225627899,0.05714963749051094,-0.4635707437992096,-0.011627111583948135
A,0.0,0.0,0.0,-0.2041562795639038,-0.15807519853115082,-0.044099122285842896,-0.35879966616630554,-0.4545353055000305,-0.05566738173365593,-0.3961043357849121,-0.7957413196563721,-0.07644817978143692,-0.31324413418769836,-1.0,-0.08730170875787735,-0.2450718879699707,-0.6852426528930664,0.05606311932206154,-0.28252285718917847,-0.8795952796936035,-0.022673169150948524,-0.23395444452762604,-0.6884042024612427,-0.0744202733039856,-0.19233590364456177,-0.5234431028366089,-0.09311791509389877,-0.1314399540424347,-0.7202658653259277,0.04793267324566841,-0.16940253973007202,-0.8964902758598328,-0.049530014395713806,-0.11799005419015884,-0.6152028441429138,-0.08684597909450531,-0.0825025737285614,-0.4088677763938904,-0.08005025237798691,-0.016702232882380486,-0.728034496307373,0.023046063259243965,-0.05465749651193619,-0.88785320520401,-0.08014100790023804,-0.025843864306807518,-0.5784029960632324,-0.067244753241539,-0.005565357860177755,-0.34594249725341797,-0.01947612687945366,0.10033446550369263,-0.7003243565559387,-0.006009603384882212,0.055503252893686295,-0.8469608426094055,-0.0676933005452156,0.0533534474670887,-0.6335173845291138,-0.044398605823516846,0.06163507699966431,-0.4576992988586426,-0.0027685940731316805
A,0.0,0.0,0.0,-0.19885952770709991,-0.12628322839736938,-0.04974732547998428,-0.34882208704948425,-0.46270883083343506,-0.061173081398010254,-0.37498176097869873,-0.810937225818634,-0.07826526463031769,-0.292020708322525,-1.0,-0.08494473248720169,-0.2249763458967209,-0.6772081851959229,0.021252714097499847,-0.23559419810771942,-0.8856564164161682,-0.06571318954229355,-0.18982161581516266,-0.6706451177597046,-0.11746866255998611,-0.1539449840784073,-0.4780951738357544,-0.13557246327400208,-0.10518574714660645,-0.6994487643241882,0.015463159419596195,-0.11962217837572098,-0.8912342190742493,-0.08948945254087448,-0.07691200077533722,-0.5918928980827332,-0.11854218691587448,-0.052544139325618744,-0.3778263032436371,-0.10601277649402618,0.009686474688351154,-0.6984312534332275,-0.0060873497277498245,-0.013369128108024597,-0.8718791007995605,-0.11449649930000305,0.006934001110494137,-0.5547356605529785,-0.09112956374883652,0.01631074771285057,-0.32601532340049744,-0.03787006810307503,0.12245956063270569,-0.6701606512069702,-0.032191336154937744,0.09400962293148041,-0.8228297233581543,-0.10136637836694717,0.08936510235071182,-0.5924585461616516,-0.07469134032726288,0.09132352471351624,-0.4155963957309723,-0.031019125133752823
A,0.0,0.0,0.0,-0.19929246604442596,-0.15934249758720398,-0.04542684182524681,-0.34307628870010376,-0.46270835399627686,-0.05649339035153389,-0.3676756024360657,-0.8180412650108337,-0.07454336434602737,-0.27334094047546387,-1.0,-0.08039333671331406,-0.2110472470521927,-0.6804665327072144,0.0502040721476078,-0.24088212847709656,-0.8498523831367493,-0.03524390980601311,-0.2055603563785553,-0.6368889212608337,-0.0899958461523056,-0.16466031968593597,-0.4887680411338806,-0.11239074915647507,-0.09726736694574356,-0.6938665509223938,0.04160362482070923,-0.13087314367294312,-0.8786892890930176,-0.056592877954244614,-0.10306280106306076,-0.5828198790550232,-0.08733540028333664,-0.07386409491300583,-0.40919116139411926,-0.0784359723329544,0.016335103660821915,-0.6861234307289124,0.01507682166993618,-0.014686672016978264,-0.8561070561408997,-0.08305172622203827,-0.01286320574581623,-0.5484989881515503,-0.05828167498111725,-0.0032785837538540363,-0.3519408106803894,-0.006737040355801582,0.13230501115322113,-0.6411770582199097,-0.01681092381477356,0.09002098441123962,-0.7971314787864685,-0.06656737625598907,0.0638173446059227,-0.5838702917098999,-0.03403843194246292,0.0607394278049469,-0.4273550808429718,0.009811276569962502
A,0.0,0.0,0.0,-0.21067386865615845,-0.12985388934612274,-0.05746627226471901,-0.38172653317451477,-0.4321221709251404,-0.07474356889724731,-0.440956711769104,-0.7731425762176514,-0.09658896178007126,-0.3705020546913147,-1.0,-0.10637276619672775,-0.2594473659992218,-0.7053744196891785,0.03462032601237297,-0.3166034519672394,-0.8413534760475159,-0.058041322976350784,-0.26234760880470276,-0.6332303285598755,-0.11551319807767868,-0.21098047494888306,-0.48511195182800293,-0.1383437067270279,-0.1473589688539505,-0.7550788521766663,0.029178105294704437,-0.20460788905620575,-0.874771773815155,-0.07866661250591278,-0.142843097448349,-0.5809341073036194,-0.11213983595371246,-0.09423236548900604,-0.4021682143211365,-0.1043151319026947,-0.032073166221380234,-0.7775617837905884,0.00472654402256012,-0.0891486182808876,-0.87275630235672,-0.1053212359547615,-0.053394999355077744,-0.5621811151504517,-0.08543618023395538,-0.023098953068256378,-0.36296433210372925,-0.0359111987054348,0.08719760924577713,-0.7657724618911743,-0.025723036378622055,0.021332547068595886,-0.8598757386207581,-0.09165879338979721,0.023013059049844742,-0.6245263814926147,-0.06654604524374008,0.03947354853153229,-0.46333175897598267,-0.024913568049669266
A,0.0,0.0,0.0,-0.2475564032793045,-0.034146130084991455,-0.07377129048109055,-0.4869292974472046,-0.3232296407222748,-0.09474653005599976,-0.5856614112854004,-0.6927997469902039,-0.11406997591257095,-0.5443373322486877,-0.9652133584022522,-0.11699091643095016,-0.38428762555122375,-0.7981710433959961,0.006243086885660887,-0.470980703830719,-0.7797338366508484,-0.08387737721204758,-0.36894360184669495,-0.5401118397712708,-0.13841958343982697,-0.29169031977653503,-0.35780656337738037,-0.1589452028274536,-0.27068620920181274,-0.9257792830467224,0.009456644766032696,-0.3506051301956177,-0.8185539245605469,-0.08711215108633041,-0.2294391542673111,-0.52180016040802,-0.11418896168470383,-0.1474785953760147,-0.3296416997909546,-0.1056271493434906,-0.1469690054655075,-0.9914931654930115,-0.006117957644164562,-0.22893233597278595,-0.8592334389686584,-0.10524933785200119,-0.13244591653347015,-0.5507487654685974,-0.08308646082878113,-0.06266807019710541,-0.3404814898967743,-0.03721535578370094,-0.016050852835178375,-1.0,-0.0313187874853611,-0.10718126595020294,-0.8974751234054565,-0.10252304375171661,-0.05950850620865822,-0.651570737361908,-0.08469132333993912,-0.006932760123163462,-0.49681177735328674,-0.046321574598550797
A,0.0,0.0,0.0,-0.22088761627674103,-0.06544037908315659,-0.06592470407485962,-0.4427134096622467,-0.36809369921684265,-0.09033103287220001,-0.5297595858573914,-0.7325493693351746,-0.11304258555173874,-0.45490729808807373,-1.0,-0.1215328797698021,-0.34259888529777527,-0.8257272839546204,-0.007234351709485054,-0.4208487868309021,-0.7886970639228821,-0.09887780249118805,-0.3291719853878021,-0.5462028384208679,-0.15462177991867065,-0.2600935697555542,-0.36260783672332764,-0.1771276444196701,-0.22327549755573273,-0.9350544214248657,-0.00747715774923563,-0.301454097032547,-0.8208440542221069,-0.10711774975061417,-0.1938501000404358,-0.5174371600151062,-0.1343248039484024,-0.1217634305357933,-0.31373390555381775,-0.12428143620491028,-0.0954466164112091,-0.9773924946784973,-0.023676302284002304,-0.17472514510154724,-0.8296715021133423,-0.12827186286449432,-0.08723922073841095,-0.5191370844841003,-0.10782390087842941,-0.028382645919919014,-0.3042146563529968,-0.060928937047719955,0.03365760296583176,-0.959748387336731,-0.047113921493291855,-0.05246000364422798,-0.8389013409614563,-0.12212546169757843,-0.007825871929526329,-0.5914725065231323,-0.10463298857212067,0.041875068098306656,-0.4345286786556244,-0.06532179564237595
A,0.0,0.0,0.0,-0.21625745296478271,-0.07104820758104324,-0.07715864479541779,-0.42743992805480957,-0.3884757161140442,-0.10332101583480835,-0.5079531073570251,-0.7457453608512878,-0.12618301808834076,-0.43406257033348083,-1.0,-0.13401293754577637,-0.31057897210121155,-0.8512721657752991,-0.0018671279540285468,-0.3871326446533203,-0.7969322204589844,-0.09883646667003632,-0.30261147022247314,-0.556368350982666,-0.1588507443666458,-0.2398778349161148,-0.3809624910354614,-0.18268421292304993,-0.18957622349262238,-0.9494258761405945,0.00283432356081903,-0.266801655292511,-0.8265016674995422,-0.09777159243822098,-0.17396974563598633,-0.5144031047821045,-0.12615004181861877,-0.11228284239768982,-0.31917038559913635,-0.11632061749696732,-0.06286724656820297,-0.972341775894165,-0.011401006951928139,-0.13964474201202393,-0.8299846053123474,-0.11996236443519592,-0.07142720371484756,-0.5082395672798157,-0.10144216567277908,-0.02477637119591236,-0.3022117018699646,-0.05436595901846886,0.06396189332008362,-0.9360849857330322,-0.03386366367340088,-0.018082233145833015,-0.8198082447052002,-0.10900456458330154,0.011169064790010452,-0.5676999092102051,-0.09264113008975983,0.0493096262216568,-0.4175586998462677,-0.054125625640153885
A,0.0,0.0,0.0,-0.2088295966386795,-0.1128888875246048,-0.061603840440511703,-0.39355093240737915,-0.4366421103477478,-0.08198913186788559,-0.4517483711242676,-0.7790365815162659,-0.10195059329271317,-0.3753472864627838,-1.0,-0.10965017974376678,-0.2792477011680603,-0.830086886882782,0.005174167454242706,-0.3307868540287018,-0.8081849813461304,-0.08246389776468277,-0.2596287429332733,-0.5797796249389648,-0.14238710701465607,-0.2099774181842804,-0.395317941904068,-0.16799557209014893,-0.1628274768590927,-0.9158812165260315,0.006865258794277906,-0.2136979103088379,-0.8187777996063232,-0.08471287041902542,-0.13616830110549927,-0.5263878107070923,-0.11655226349830627,-0.0860547125339508,-0.3173661231994629,-0.11226808279752731,-0.04097247123718262,-0.9350295066833496,-0.007456341292709112,-0.0934981256723404,-0.8120997548103333,-0.09930052608251572,-0.04296231269836426,-0.5223768949508667,-0.08575118333101273,-0.009541377425193787,-0.30980995297431946,-0.04698044806718826,0.0791572630405426,-0.9010723233222961,-0.02911103144288063,0.016323871910572052,-0.8168538212776184,-0.09053992480039597,0.03551596775650978,-0.5983412861824036,-0.07509133219718933,0.06500725448131561,-0.4531141519546509,-0.04067322611808777
A,0.0,0.0,0.0,-0.20227858424186707,-0.14696235954761505,-0.05100272223353386,-0.3655118942260742,-0.4880036413669586,-0.06399228423833847,-0.4058169722557068,-0.8125714659690857,-0.08005441725254059,-0.3284028470516205,-1.0,-0.08620042353868484,-0.23196040093898773,-0.8106303811073303,0.02245306968688965,-0.29272010922431946,-0.8307670950889587,-0.053458888083696365,-0.23763737082481384,-0.6086711883544922,-0.10574138909578323,-0.1960720270872116,-0.4459238350391388,-0.12842018902301788,-0.11855952441692352,-0.8614696860313416,0.018534841015934944,-0.17521856725215912,-0.8227822184562683,-0.068072110414505,-0.11413755267858505,-0.5404297709465027,-0.09780963510274887,-0.07113149017095566,-0.3464686870574951,-0.09281214326620102,-0.004649699199944735,-0.8659372925758362,-0.0008875895873643458,-0.06393582373857498,-0.8102869987487793,-0.08857302367687225,-0.02556578628718853,-0.5249773263931274,-0.07422465085983276,0.004301277454942465,-0.3233089745044708,-0.03537050634622574,0.10715927928686142,-0.8266116976737976,-0.026580438017845154,0.04048696160316467,-0.7985824942588806,-0.08142521977424622,0.05067012831568718,-0.5809541940689087,-0.06249139830470085,0.07612553238868713,-0.43555301427841187,-0.027573570609092712
A,0.0,0.0,0.0,-0.20789891481399536,-0.13829556107521057,-0.05857690051198006,-0.37590378522872925,-0.4708538055419922,-0.07533907145261765,-0.418255478143692,-0.7995545268058777,-0.09420664608478546,-0.34003546833992004,-1.0,-0.10104162991046906,-0.24014702439308167,-0.7681518197059631,0.01559958141297102,-0.3093916177749634,-0.8518506288528442,-0.06914927810430527,-0.2485009878873825,-0.6249920725822449,-0.12140417098999023,-0.20129716396331787,-0.4456581473350525,-0.1414039582014084,-0.123294398188591,-0.8205395936965942,0.014585238881409168,-0.18743057548999786,-0.8490272760391235,-0.08531196415424347,-0.11912409216165543,-0.5482512712478638,-0.11611079424619675,-0.07234606146812439,-0.3458942770957947,-0.10746437311172485,-0.007517017889767885,-0.8316894173622131,-0.0030254446901381016,-0.07258540391921997,-0.8312312364578247,-0.10405358672142029,-0.02614533342421055,-0.5202463865280151,-0.08662179112434387,0.007140280678868294,-0.3082485795021057,-0.04067004844546318,0.10648992657661438,-0.7989962697029114,-0.026964804157614708,0.036183688789606094,-0.8076249957084656,-0.09274928271770477,0.05239544436335564,-0.5799305438995361,-0.07436145842075348,0.08065250515937805,-0.43182238936424255,-0.03689998760819435
A,0.0,0.0,0.0,-0.2000151425600052,-0.1374252438545227,-0.056582264602184296,-0.36011046171188354,-0.4767729341983795,-0.0712764635682106,-0.39505910873413086,-0.7996509075164795,-0.08838237822055817,-0.3211282789707184,-1.0,-0.0946395993232727,-0.21921813488006592,-0.7508909106254578,0.012569647282361984,-0.2866041660308838,-0.8390058279037476,-0.07001011818647385,-0.2305123656988144,-0.6086335778236389,-0.11884848773479462,-0.1849016696214676,-0.42639410495758057,-0.1368487924337387,-0.10159032791852951,-0.7927467823028564,0.011508825235068798,-0.17078432440757751,-0.8424020409584045,-0.0874246135354042,-0.10939975082874298,-0.5459086894989014,-0.11638026684522629,-0.06410989910364151,-0.3416513204574585,-0.10684321075677872,0.013715650886297226,-0.7997548580169678,-0.0056427051313221455,-0.05879426747560501,-0.8256908059120178,-0.1070401668548584,-0.01609651744365692,-0.5155885815620422,-0.08967051655054092,0.01649153232574463,-0.30114036798477173,-0.04390384256839752,0.1267126202583313,-0.7675662040710449,-0.028559330850839615,0.0515967421233654,-0.7923799753189087,-0.09771963953971863,0.06600437313318253,-0.5620146989822388,-0.08158621191978455,0.09444823861122131,-0.4095876216888428,-0.04576379060745239
A,0.0,0.0,0.0,-0.20077349245548248,-0.14711706340312958,-0.055170364677906036,-0.3618508577346802,-0.4874948263168335,-0.0695340558886528,-0.3998304307460785,-0.8034980297088623,-0.08728522062301636,-0.3253319561481476,-1.0,-0.09435354918241501,-0.21810074150562286,-0.7631053924560547,0.02166638895869255,-0.2857326865196228,-0.8639697432518005,-0.059265244752168655,-0.2338065207004547,-0.6344939470291138,-0.11162064224481583,-0.1896170675754547,-0.4390157461166382,-0.13254301249980927,-0.10058382153511047,-0.8060992360115051,0.019839506596326828,-0.16545197367668152,-0.8515936136245728,-0.0781458392739296,-0.1093452125787735,-0.554103672504425,-0.11115138232707977,-0.0677950382232666,-0.33657586574554443,-0.10503403842449188,0.013414743356406689,-0.8129521012306213,0.0016101872315630317,-0.05545087158679962,-0.8372586965560913,-0.09557203203439713,-0.017960047349333763,-0.5307186841964722,-0.08020082116127014,0.011499583721160889,-0.30847418308258057,-0.037407223135232925,0.12476185709238052,-0.7795984745025635,-0.022809812799096107,0.052858516573905945,-0.7923446297645569,-0.08776542544364929,0.0635591670870781,-0.5686414837837219,-0.07179178297519684,0.08896629512310028,-0.4184108376502991,-0.037150319665670395
B,0.0,0.0,0.0,-0.10524694621562958,-0.07890210300683975,-0.03841053694486618,-0.1744084358215332,-0.27028417587280273,-0.05462890863418579,-0.1447044461965561,-0.43176984786987305,-0.07042127847671509,-0.06399259716272354,-0.43873879313468933,-0.08680564165115356,-0.1479855328798294,-0.49519118666648865,-0.008520234376192093,-0.16155999898910522,-0.6774740219116211,-0.030295245349407196,-0.16084833443164825,-0.7919589877128601,-0.05827716365456581,-0.156362384557724,-0.9038940072059631,-0.08437230437994003,-0.08773690462112427,-0.5296878814697266,-0.01516339834779501,-0.10708116739988327,-0.7353366017341614,-0.0319601446390152,-0.11416380107402802,-0.868923008441925,-0.0590321384370327,-0.12356094270944595,-1.0,-0.08275116235017776,-0.026794692501425743,-0.5175528526306152,-0.029134035110473633,-0.04639173299074173,-0.7130217552185059,-0.047639623284339905,-0.06040261313319206,-0.8396843671798706,-0.0728464126586914,-0.07494990527629852,-0.9527865648269653,-0.09361764043569565,0.03777819499373436,-0.47447770833969116,-0.0487545020878315,0.01268820557743311,-0.6273137927055359,-0.06623468548059464,-0.0031324257142841816,-0.7297527194023132,-0.07965903729200363,-0.01537304650992155,-0.8245183229446411,-0.09252116084098816
B,0.0,0.0,0.0,-0.10790516436100006,-0.08519262075424194,-0.037246037274599075,-0.17620643973350525,-0.2736707925796509,-0.0537172295153141,-0.14368213713169098,-0.4328935444355011,-0.07018783688545227,-0.06255525350570679,-0.43947726488113403,-0.0871766209602356,-0.1481117308139801,-0.5018153786659241,-0.005684978328645229,-0.1609538197517395,-0.6824938058853149,-0.02835516445338726,-0.16043853759765625,-0.7969006299972534,-0.05736347287893295,-0.15577588975429535,-0.9079094529151917,-0.08394108712673187,-0.08799152076244354,-0.5347145795822144,-0.013009069487452507,-0.10726859420537949,-0.7384753227233887,-0.03054402768611908,-0.1148819699883461,-0.8715740442276001,-0.05782222002744675,-0.12394136935472488,-1.0,-0.08126148581504822,-0.02705851010978222,-0.5217586159706116,-0.027837976813316345,-0.04672369360923767,-0.7169857621192932,-0.04669560119509697,-0.060972005128860474,-0.8421985507011414,-0.07138404250144958,-0.07523947954177856,-0.9524147510528564,-0.09138600528240204,0.03778504580259323,-0.4772009551525116,-0.04830767586827278,0.013755940832197666,-0.6280999183654785,-0.06594002991914749,-0.0014708115486428142,-0.7288681268692017,-0.07883404940366745,-0.013436315581202507,-0.8211929798126221,-0.09089299291372299
B,0.0,0.0,0.0,-0.10476695746183395,-0.07662871479988098,-0.03723284229636192,-0.1727667897939682,-0.25633522868156433,-0.05596136674284935,-0.14008736610412598,-0.41726669669151306,-0.07438916712999344,-0.05903930962085724,-0.4335600733757019,-0.09421950578689575,-0.1387757956981659,-0.48928162455558777,-0.01772194728255272,-0.1515524536371231,-0.6761140823364258,-0.04501684010028839,-0.15053458511829376,-0.7949320673942566,-0.07533890008926392,-0.1443287879228592,-0.9082412719726562,-0.10188794881105423,-0.07622974365949631,-0.5194842219352722,-0.026068050414323807,-0.09698297828435898,-0.7289897203445435,-0.04807252436876297,-0.10301415622234344,-0.8675732612609863,-0.07640629261732101,-0.10934548079967499,-1.0,-0.09983014315366745,-0.013455284759402275,-0.50522780418396,-0.04107590392231941,-0.03398884832859039,-0.7018193006515503,-0.06399234384298325,-0.047712139785289764,-0.8314257264137268,-0.08938369154930115,-0.06185857579112053,-0.949443519115448,-0.10919581353664398,0.05255664512515068,-0.45842403173446655,-0.06126246228814125,0.028576694428920746,-0.612953782081604,-0.08385437726974487,0.01138234045356512,-0.7173498272895813,-0.09879834949970245,-0.0031361160799860954,-0.815353512763977,-0.11132363975048065
B,0.0,0.0,0.0,-0.10079443454742432,-0.07509589940309525,-0.03868202865123749,-0.16716161370277405,-0.2433178722858429,-0.060957394540309906,-0.13727964460849762,-0.4044944643974304,-0.08228275924921036,-0.057818058878183365,-0.4229443073272705,-0.10538004338741302,-0.134256511926651,-0.4808625876903534,-0.027977703139185905,-0.1448163390159607,-0.6692416667938232,-0.05790574476122856,-0.1440897136926651,-0.7893609404563904,-0.08911336213350296,-0.13935880362987518,-0.9054451584815979,-0.11601350456476212,-0.07177238166332245,-0.5098190307617188,-0.03648021072149277,-0.08913255482912064,-0.7231335043907166,-0.06019462272524834,-0.0952010527253151,-0.8630313873291016,-0.08812212198972702,-0.10248149186372757,-1.0,-0.11128313839435577,-0.009673861786723137,-0.4954042434692383,-0.05092984065413475,-0.02743619680404663,-0.6957823038101196,-0.07449976354837418,-0.0395682156085968,-0.8245095610618591,-0.09774968773126602,-0.05237150937318802,-0.9441316723823547,-0.11599908024072647,0.05511082336306572,-0.4485902488231659,-0.07048401236534119,0.03210991248488426,-0.6093795895576477,-0.09266316145658493,0.01809259131550789,-0.714707612991333,-0.10535207390785217,0.00597991282120347,-0.8124065399169922,-0.11601796001195908
B,0.0,0.0,0.0,-0.1061849370598793,-0.07962225377559662,-0.038134653121232986,-0.17717935144901276,-0.24564221501350403,-0.05838404968380928,-0.15557986497879028,-0.4091772735118866,-0.0775880292057991,-0.08001330494880676,-0.4296579658985138,-0.09767768532037735,-0.1266251653432846,-0.4840608835220337,-0.02095276489853859,-0.1364990621805191,-0.6729688048362732,-0.04863660782575607,-0.13824118673801422,-0.7914782166481018,-0.07834772765636444,-0.13657277822494507,-0.9055745005607605,-0.103998564183712,-0.06700626015663147,-0.5131934881210327,-0.02907949686050415,-0.08321276307106018,-0.7290465831756592,-0.05096529424190521,-0.08826915174722672,-0.8682896494865417,-0.07621784508228302,-0.09360601007938385,-1.0,-0.09656310826539993,-0.008187785744667053,-0.4982646107673645,-0.04367353767156601,-0.02642831578850746,-0.7009763121604919,-0.06634432077407837,-0.0370279997587204,-0.832656741142273,-0.08724582940340042,-0.04746386781334877,-0.9511282444000244,-0.10281030833721161,0.05483485385775566,-0.4478548467159271,-0.06346362829208374,0.032896626740694046,-0.611903190612793,-0.08508351445198059,0.020335201174020767,-0.7188714742660522,-0.09597091376781464,0.010585988871753216,-0.816856324672699,-0.1044241413474083
B,0.0,0.0,0.0,-0.10987795144319534,-0.08351685106754303,-0.035454194992780685,-0.18236114084720612,-0.2642905116081238,-0.0529526062309742,-0.16481530666351318,-0.42412668466567993,-0.07018408924341202,-0.09234777092933655,-0.4273897409439087,-0.08869048207998276,-0.12998811900615692,-0.4914110600948334,-0.018699951469898224,-0.13741594552993774,-0.6794624924659729,-0.04543484002351761,-0.13864316046237946,-0.7976773381233215,-0.07331329584121704,-0.1364411860704422,-0.9103392958641052,-0.09781201928853989,-0.07089629769325256,-0.5154345035552979,-0.028480829671025276,-0.0869479551911354,-0.7297815680503845,-0.05094797536730766,-0.09123112261295319,-0.8687012791633606,-0.07560869306325912,-0.09592600911855698,-1.0,-0.09528107196092606,-0.011640253476798534,-0.4973369240760803,-0.04469011723995209,-0.028920747339725494,-0.7021863460540771,-0.06856466829776764,-0.03781048581004143,-0.8351258635520935,-0.09058333188295364,-0.046913813799619675,-0.9562111496925354,-0.10667167603969574,0.051196128129959106,-0.445339173078537,-0.06582126766443253,0.028373928740620613,-0.6101371645927429,-0.08826706558465958,0.016540899872779846,-0.7203831076622009,-0.1005125343799591,0.008571024052798748,-0.8215872049331665,-0.11018337309360504
B,0.0,0.0,0.0,-0.10003192722797394,-0.0782998651266098,-0.0417163148522377,-0.1732793003320694,-0.22701415419578552,-0.07036234438419342,-0.14848607778549194,-0.3537372648715973,-0.09747882932424545,-0.07928216457366943,-0.35069170594215393,-0.12702344357967377,-0.13474172353744507,-0.47190189361572266,-0.04871248081326485,-0.1403650939464569,-0.6630778312683105,-0.08773356676101685,-0.1391620934009552,-0.7880240082740784,-0.12162727117538452,-0.13424909114837646,-0.9085413813591003,-0.14976002275943756,-0.06968550384044647,-0.49508634209632874,-0.06055030971765518,-0.08145178854465485,-0.7131147384643555,-0.09447799623012543,-0.08083775639533997,-0.8609251379966736,-0.12307440489530563,-0.08031774312257767,-1.0,-0.14563971757888794,-0.005507541820406914,-0.47271740436553955,-0.07836177945137024,-0.019709819927811623,-0.6809351444244385,-0.11325317621231079,-0.024804819375276566,-0.8194087147712708,-0.13840141892433167,-0.02981267124414444,-0.946697473526001,-0.1556124985218048,0.06299760192632675,-0.41873788833618164,-0.10093899071216583,0.04597203806042671,-0.5856959223747253,-0.13400831818580627,0.03329852968454361,-0.6976539492607117,-0.15072856843471527,0.022734038531780243,-0.7996674180030823,-0.16273713111877441
B,0.0,0.0,0.0,-0.09239910542964935,-0.07712642848491669,-0.051371846348047256,-0.15271872282028198,-0.23277714848518372,-0.085305355489254,-0.11358313262462616,-0.3699347674846649,-0.11574818938970566,-0.032767146825790405,-0.3806968927383423,-0.14837990701198578,-0.11321596056222916,-0.4679940938949585,-0.06114472448825836,-0.11660724878311157,-0.6595094203948975,-0.10325076431035995,-0.11064748466014862,-0.7822186946868896,-0.14005444943904877,-0.09934898465871811,-0.9002593159675598,-0.17030805349349976,-0.04696907848119736,-0.4930276870727539,-0.06756560504436493,-0.05467386543750763,-0.7123884558677673,-0.10408254712820053,-0.05144822970032692,-0.8577442765235901,-0.13773228228092194,-0.048241253942251205,-1.0,-0.1646764725446701,0.015671802684664726,-0.47289857268333435,-0.07979907840490341,0.006517804227769375,-0.6794264912605286,-0.1144484356045723,0.0011074324138462543,-0.8137478232383728,-0.14357344806194305,-0.003545840736478567,-0.9380061030387878,-0.1652636080980301,0.07966641336679459,-0.4198865294456482,-0.0974673330783844,0.0653165727853775,-0.5834414958953857,-0.12982507050037384,0.0551360622048378,-0.6932743191719055,-0.14928926527500153,0.048495471477508545,-0.7941688895225525,-0.16438555717468262
B,0.0,0.0,0.0,-0.0894031897187233,-0.08449304848909378,-0.04381227120757103,-0.1503457874059677,-0.2577798664569855,-0.06996843218803406,-0.11555681377649307,-0.4095442295074463,-0.09428825974464417,-0.032573968172073364,-0.4249612092971802,-0.12004346400499344,-0.1202344074845314,-0.48797693848609924,-0.038589172065258026,-0.12330542504787445,-0.6747438311576843,-0.07171669602394104,-0.11661044508218765,-0.7920538187026978,-0.10384609550237656,-0.10507070273160934,-0.9063271284103394,-0.1319301575422287,-0.056156061589717865,-0.5132434368133545,-0.04624450206756592,-0.06464175134897232,-0.7245582342147827,-0.07375974953174591,-0.06151149794459343,-0.8615421652793884,-0.1031983494758606,-0.05910878628492355,-1.0,-0.12791530787944794,0.006417958531528711,-0.4925481677055359,-0.060091037303209305,-0.0033376796636730433,-0.6927289366722107,-0.08792192488908768,-0.008354836143553257,-0.8214523792266846,-0.11365585029125214,-0.013990689069032669,-0.946137547492981,-0.13396939635276794,0.07006779313087463,-0.4370550215244293,-0.07920831441879272,0.05462788790464401,-0.595024049282074,-0.10606762766838074,0.04592587798833847,-0.7015580534934998,-0.1224401593208313,0.04034293442964554,-0.8011687397956848,-0.1361440122127533
B,0.0,0.0,0.0,-0.0949588343501091,-0.08910831809043884,-0.038490504026412964,-0.15725888311862946,-0.2619936168193817,-0.06115034222602844,-0.12558351457118988,-0.411900132894516,-0.08301981538534164,-0.04499134048819542,-0.44283729791641235,-0.10606971383094788,-0.12111048400402069,-0.49042898416519165,-0.03088206611573696,-0.12543143332004547,-0.6783318519592285,-0.06336130201816559,-0.12003432959318161,-0.7964590191841125,-0.0941067710518837,-0.10964276641607285,-0.9091350436210632,-0.11981650441884995,-0.05836740881204605,-0.5136825442314148,-0.039726514369249344,-0.066972516477108,-0.7280632853507996,-0.06650692969560623,-0.06637467443943024,-0.8655514121055603,-0.09394323825836182,-0.06503275036811829,-1.0,-0.1161448284983635,0.0036431988701224327,-0.49406301975250244,-0.054695598781108856,-0.007075732108205557,-0.6964316368103027,-0.08110533654689789,-0.014620720408856869,-0.826149582862854,-0.10389558970928192,-0.021634753793478012,-0.9485961198806763,-0.12143006175756454,0.06702440232038498,-0.44081753492355347,-0.07472648471593857,0.05256010219454765,-0.6011923551559448,-0.09910794347524643,0.04257335886359215,-0.7083461284637451,-0.11260004341602325,0.03556838259100914,-0.8085516691207886,-0.1236569881439209
B,0.0,0.0,0.0,-0.10004489123821259,-0.08307287842035294,-0.03719272464513779,-0.1674770712852478,-0.261976957321167,-0.05619043484330177,-0.1433151364326477,-0.4286298155784607,-0.07424402981996536,-0.059410203248262405,-0.4630604386329651,-0.09283914417028427,-0.12729640305042267,-0.4962841272354126,-0.02080952189862728,-0.13383051753044128,-0.684103786945343,-0.04728766158223152,-0.13025690615177155,-0.799922525882721,-0.07521159201860428,-0.12293627113103867,-0.9108219146728516,-0.10005684942007065,-0.06492865830659866,-0.5220476984977722,-0.028363274410367012,-0.076416015625,-0.7357478141784668,-0.04891828075051308,-0.07935833930969238,-0.8678562045097351,-0.07384797185659409,-0.08349738270044327,-1.0,-0.095461905002594,-0.0038454569876194,-0.5035802721977234,-0.04218865558505058,-0.015366816893219948,-0.7056100964546204,-0.06345225870609283,-0.024670274928212166,-0.8337730765342712,-0.08439241349697113,-0.03408249095082283,-0.9544594287872314,-0.10198670625686646,0.059766799211502075,-0.4509545564651489,-0.06117619201540947,0.04196804016828537,-0.6085963845252991,-0.08098534494638443,0.031507380306720734,-0.7120431661605835,-0.09248116612434387,0.02353186532855034,-0.8103546500205994,-0.10320758074522018
B,0.0,0.0,0.0,-0.11190827935934067,-0.07947897166013718,-0.035989269614219666,-0.18524456024169922,-0.26824289560317993,-0.050000790506601334,-0.15905646979808807,-0.4412637948989868,-0.0643225833773613,-0.0770692527294159,-0.46601736545562744,-0.07958398759365082,-0.1423095017671585,-0.49728530645370483,-0.006478914059698582,-0.1569434255361557,-0.6839421987533569,-0.02824450470507145,-0.15805713832378387,-0.7989597320556641,-0.05548866093158722,-0.1555158793926239,-0.9108996987342834,-0.08131258934736252,-0.08022473007440567,-0.5331665873527527,-0.014054257422685623,-0.09914067387580872,-0.7444323897361755,-0.030726386234164238,-0.10598748177289963,-0.8725818991661072,-0.056300997734069824,-0.11487486213445663,-1.0,-0.07957498729228973,-0.019078442826867104,-0.5223914980888367,-0.02885672263801098,-0.038121964782476425,-0.7206747531890869,-0.048032693564891815,-0.05254237726330757,-0.8436223864555359,-0.07093119621276855,-0.06723678112030029,-0.9537887573242188,-0.09064186364412308,0.047578196972608566,-0.47801274061203003,-0.04923466965556145,0.024372417479753494,-0.6341450214385986,-0.06787867844104767,0.007916118018329144,-0.7338166832923889,-0.08095642179250717,-0.007801866624504328,-0.824723482131958,-0.09376397728919983
B,0.0,0.0,0.0,-0.11739251762628555,-0.08391328901052475,-0.03551272302865982,-0.19593633711338043,-0.25969475507736206,-0.051326654851436615,-0.1779351383447647,-0.4327089190483093,-0.06779206544160843,-0.09618692845106125,-0.460691899061203,-0.08452954888343811,-0.14932304620742798,-0.5003772974014282,-0.0006244294927455485,-0.16597022116184235,-0.6865211129188538,-0.023611199110746384,-0.16695080697536469,-0.8023527264595032,-0.05318359285593033,-0.16427280008792877,-0.9167653322219849,-0.08054433763027191,-0.0886722207069397,-0.5353373289108276,-0.008408166468143463,-0.11022624373435974,-0.7420912384986877,-0.026709577068686485,-0.1179182231426239,-0.8699629306793213,-0.0537753701210022,-0.12716610729694366,-1.0,-0.07761333882808685,-0.028595225885510445,-0.5267528891563416,-0.023871727287769318,-0.04891648516058922,-0.7223519086837769,-0.043983545154333115,-0.06469333171844482,-0.8442280888557434,-0.06624316424131393,-0.08023335784673691,-0.9529359936714172,-0.08480268716812134,0.03899797424674034,-0.48450812697410583,-0.04503669589757919,0.013695098459720612,-0.6366626620292664,-0.06306670606136322,-0.0042230370454490185,-0.7338977456092834,-0.07487460970878601,-0.021293818950653076,-0.8220045566558838,-0.08633262664079666
B,0.0,0.0,0.0,-0.12085308879613876,-0.09211692959070206,-0.031881317496299744,-0.19961461424827576,-0.26926514506340027,-0.04489946365356445,-0.1852807253599167,-0.4416850507259369,-0.05937056243419647,-0.10732761025428772,-0.4686657786369324,-0.07361791282892227,-0.14954133331775665,-0.5048586130142212,0.009972941130399704,-0.1666620820760727,-0.6906738877296448,-0.010055601596832275,-0.1699204295873642,-0.8042542338371277,-0.03757483512163162,-0.17050369083881378,-0.9153315424919128,-0.06318565458059311,-0.08925511687994003,-0.5411992073059082,0.0008080165134742856,-0.11129399389028549,-0.7477936744689941,-0.015166633762419224,-0.12059009820222855,-0.875333845615387,-0.040373627096414566,-0.13228631019592285,-1.0,-0.06209830194711685,-0.029146723449230194,-0.5354965925216675,-0.01635805517435074,-0.05343478173017502,-0.7315768599510193,-0.034746985882520676,-0.07063764333724976,-0.8541918396949768,-0.05532245337963104,-0.08742643892765045,-0.9625277519226074,-0.07211466133594513,0.03853662312030792,-0.4959028959274292,-0.03901331126689911,0.010779092088341713,-0.6483088135719299,-0.055090177804231644,-0.0067373160272836685,-0.7465789914131165,-0.06441870331764221,-0.021417774260044098,-0.8369714021682739,-0.0735880583524704
B,0.0,0.0,0.0,-0.12377117574214935,-0.07855229079723358,-0.029937081038951874,-0.2089962214231491,-0.24970687925815582,-0.04095214977860451,-0.20588946342468262,-0.43014129996299744,-0.05385972186923027,-0.1329832673072815,-0.48210224509239197,-0.0662384107708931,-0.15322628617286682,-0.49920225143432617,0.015574555844068527,-0.17300696671009064,-0.687809407711029,-0.0038656718097627163,-0.17693115770816803,-0.8019590973854065,-0.031152796000242233,-0.17640113830566406,-0.9132784008979797,-0.056239672005176544,-0.09199053049087524,-0.5380285382270813,0.005906335543841124,-0.1153094694018364,-0.7487800121307373,-0.008969902992248535,-0.12414613366127014,-0.8765026926994324,-0.03299197554588318,-0.1336902529001236,-1.0,-0.05390086770057678,-0.03177720308303833,-0.5346781015396118,-0.01212651003152132,-0.05606689304113388,-0.7315473556518555,-0.02956235408782959,-0.07285043597221375,-0.8541715741157532,-0.04745391383767128,-0.08874013274908066,-0.9623957872390747,-0.06268081068992615,0.03874018415808678,-0.49754196405410767,-0.03566695377230644,0.00984092429280281,-0.6540598273277283,-0.0505647212266922,-0.009448740631341934,-0.7492057681083679,-0.05795101076364517,-0.028249898925423622,-0.8377203941345215,-0.06587157398462296
B,0.0,0.0,0.0,-0.12582653760910034,-0.07402881979942322,-0.03013523668050766,-0.21292109787464142,-0.2444273680448532,-0.03980913385748863,-0.21168124675750732,-0.4243154525756836,-0.05110861361026764,-0.13629336655139923,-0.4620818793773651,-0.062125544995069504,-0.155528724193573,-0.4959389269351959,0.016674557700753212,-0.17444376647472382,-0.6845402121543884,-0.00019473324937280267,-0.17844486236572266,-0.7980489134788513,-0.026197124272584915,-0.178514763712883,-0.9089590311050415,-0.050881173461675644,-0.09346704930067062,-0.5364871025085449,0.007432638201862574,-0.11686892807483673,-0.7494813799858093,-0.004700991325080395,-0.12633804976940155,-0.8775190711021423,-0.02776012010872364,-0.1375056505203247,-1.0,-0.048196207731962204,-0.033054739236831665,-0.5330110192298889,-0.010073460638523102,-0.05683140829205513,-0.7315079569816589,-0.02527402713894844,-0.07379333674907684,-0.8534902930259705,-0.04318557679653168,-0.09064287692308426,-0.9600582122802734,-0.058611076325178146,0.03728532791137695,-0.49326834082603455,-0.03304417431354523,0.007185481488704681,-0.652030885219574,-0.0462956428527832,-0.0107076745480299,-0.7471984624862671,-0.052932631224393845,-0.027744529768824577,-0.8354544043540955,-0.06046164408326149
B,0.0,0.0,0.0,-0.1251092404127121,-0.07877140492200851,-0.028596555814146996,-0.2087579071521759,-0.24695801734924316,-0.038560446351766586,-0.20652149617671967,-0.428454726934433,-0.05039095878601074,-0.1353045552968979,-0.46828827261924744,-0.062091607600450516,-0.14958292245864868,-0.49604323506355286,0.017225945368409157,-0.1685052365064621,-0.6838749051094055,-0.00027118399157188833,-0.17372411489486694,-0.7971251606941223,-0.02579081989824772,-0.1745121031999588,-0.9070042371749878,-0.04953114315867424,-0.08866685628890991,-0.5361185669898987,0.007081270217895508,-0.11256512254476547,-0.7496827840805054,-0.006509763654321432,-0.12353146076202393,-0.8791229128837585,-0.028829820454120636,-0.13505102694034576,-1.0,-0.04780089855194092,-0.028713351115584373,-0.5329561829566956,-0.011109940707683563,-0.05481180176138878,-0.7327502965927124,-0.02793310210108757,-0.07373770326375961,-0.8574652075767517,-0.044317878782749176,-0.09171589463949203,-0.9670318961143494,-0.05775470286607742,0.04163026437163353,-0.4933502674102783,-0.03453763946890831,0.010086331516504288,-0.6551797389984131,-0.04871189594268799,-0.008590446785092354,-0.7509171366691589,-0.05385573208332062,-0.026477927342057228,-0.8390007019042969,-0.059546343982219696
B,0.0,0.0,0.0,-0.12446502596139908,-0.07632052153348923,-0.030442258343100548,-0.20635567605495453,-0.24618223309516907,-0.04096319526433945,-0.20479704439640045,-0.43085816502571106,-0.05309686064720154,-0.13081367313861847,-0.46098047494888306,-0.06474997103214264,-0.1502607762813568,-0.4931580126285553,0.017816800624132156,-0.16663195192813873,-0.6816503405570984,0.0005470287869684398,-0.17102578282356262,-0.7961260676383972,-0.025601794943213463,-0.17175135016441345,-0.9072346687316895,-0.050139203667640686,-0.08969752490520477,-0.532695472240448,0.00878212135285139,-0.11196163296699524,-0.7465925216674805,-0.0039515420794487,-0.12264569848775864,-0.8771817088127136,-0.025967849418520927,-0.1349233239889145,-1.0,-0.044980090111494064,-0.029884962365031242,-0.5282794833183289,-0.008602706715464592,-0.05410613864660263,-0.7286108136177063,-0.024268455803394318,-0.07169561833143234,-0.8520070314407349,-0.04020192101597786,-0.08879543095827103,-0.9606946706771851,-0.05364418029785156,0.03960690274834633,-0.4876851737499237,-0.031621791422367096,0.009784859605133533,-0.6450694799423218,-0.0451691672205925,-0.00842849351465702,-0.7409077286720276,-0.0507221557199955,-0.025690829381346703,-0.8308485746383667,-0.05693087354302406
B,0.0,0.0,0.0,-0.12429925799369812,-0.07785864174365997,-0.028203655034303665,-0.20627239346504211,-0.24822945892810822,-0.03698858246207237,-0.20438258349895477,-0.4311681389808655,-0.04764438420534134,-0.13262107968330383,-0.4724062383174896,-0.05774049460887909,-0.14980953931808472,-0.49788379669189453,0.02037128433585167,-0.16817335784435272,-0.6866737604141235,0.004375156946480274,-0.1725279539823532,-0.7986493706703186,-0.021002668887376785,-0.17295807600021362,-0.9087115526199341,-0.04516427591443062,-0.0886748805642128,-0.5378145575523376,0.010684376582503319,-0.11283741891384125,-0.7518247961997986,-0.0009344535646960139,-0.12292851507663727,-0.8788291215896606,-0.023071708157658577,-0.1344611495733261,-1.0,-0.04254130646586418,-0.029180871322751045,-0.5336011648178101,-0.0071650343015789986,-0.05421987175941467,-0.7333665490150452,-0.02161382883787155,-0.07221156358718872,-0.8559421300888062,-0.03738033398985863,-0.08912590891122818,-0.9638622999191284,-0.051304470747709274,0.04162690043449402,-0.4926709532737732,-0.030462292954325676,0.011297561228275299,-0.6512847542762756,-0.042849428951740265,-0.0072099617682397366,-0.747985303401947,-0.04806285351514816,-0.024800848215818405,-0.8396137356758118,-0.05443459749221802
B,0.0,0.0,0.0,-0.12779872119426727,-0.07567736506462097,-0.02695445343852043,-0.21287578344345093,-0.2481561154127121,-0.03378574550151825,-0.2120075672864914,-0.4317704439163208,-0.04281715676188469,-0.13936136662960052,-0.46514183282852173,-0.0516665056347847,-0.14675138890743256,-0.4900665283203125,0.02276613377034664,-0.16471250355243683,-0.6794223189353943,0.006299955304712057,-0.16859537363052368,-0.7951921224594116,-0.01969269849359989,-0.16831067204475403,-0.9072405695915222,-0.04391251131892204,-0.08530975133180618,-0.5307345986366272,0.013403670862317085,-0.10780960321426392,-0.7455064654350281,0.0022456562146544456,-0.11581932008266449,-0.876323938369751,-0.0184561125934124,-0.12461429089307785,-1.0,-0.036454521119594574,-0.02583235502243042,-0.5283306241035461,-0.0043899789452552795,-0.051064033061265945,-0.7283543348312378,-0.01844170317053795,-0.06737841665744781,-0.8507435321807861,-0.03259996697306633,-0.08223451673984528,-0.958345353603363,-0.044764451682567596,0.0447276346385479,-0.48913177847862244,-0.027723167091608047,0.015132881700992584,-0.6496476531028748,-0.03947636857628822,-0.0029784885700792074,-0.7441635131835938,-0.04356791079044342,-0.020181942731142044,-0.832099974155426,-0.04878443107008934
B,0.0,0.0,0.0,-0.1218176782131195,-0.07007370889186859,-0.029964786022901535,-0.20587356388568878,-0.24563604593276978,-0.038854796439409256,-0.20285743474960327,-0.4239502251148224,-0.04902338609099388,-0.12892931699752808,-0.4467860460281372,-0.058658089488744736,-0.14930935204029083,-0.49564123153686523,0.016625098884105682,-0.16285213828086853,-0.6771969199180603,0.0014676818391308188,-0.16503199934959412,-0.7892486453056335,-0.022963061928749084,-0.1640191674232483,-0.8967190980911255,-0.04646630957722664,-0.08813521265983582,-0.5353637933731079,0.00790945440530777,-0.1064552366733551,-0.744706392288208,-0.002526773139834404,-0.11275295913219452,-0.8760066032409668,-0.02287719026207924,-0.12125349789857864,-1.0,-0.040914326906204224,-0.027849873527884483,-0.5301181077957153,-0.008998425677418709,-0.04950941354036331,-0.7272257208824158,-0.023561609908938408,-0.06390108913183212,-0.8466325998306274,-0.03991720452904701,-0.07808955758810043,-0.951585590839386,-0.053608737885951996,0.04074542596936226,-0.48880743980407715,-0.031335633248090744,0.012156193144619465,-0.6459624171257019,-0.044805120676755905,-0.0034770937636494637,-0.7394526600837708,-0.05085853487253189,-0.01747775450348854,-0.8272552490234375,-0.057373519986867905
B,0.0,0.0,0.0,-0.11494419723749161,-0.06313065439462662,-0.03515853360295296,-0.19708174467086792,-0.23149044811725616,-0.049461379647254944,-0.18637748062610626,-0.3982691466808319,-0.06339824199676514,-0.113344706594944,-0.4378967881202698,-0.07720675319433212,-0.14060522615909576,-0.49683240056037903,-0.004461124073714018,-0.15385982394218445,-0.6867994666099548,-0.026119951158761978,-0.15359263122081757,-0.8034783601760864,-0.05283673107624054,-0.14865227043628693,-0.9126651883125305,-0.07664404809474945,-0.07750586420297623,-0.5299127697944641,-0.011445854790508747,-0.09665832668542862,-0.7457172274589539,-0.026761217042803764,-0.10124880075454712,-0.8777986764907837,-0.04880234971642494,-0.10503797233104706,-1.0,-0.06786554306745529,-0.016620254144072533,-0.519262969493866,-0.025914112105965614,-0.037221264094114304,-0.7184544205665588,-0.042755063623189926,-0.05067580193281174,-0.8463707566261292,-0.060659587383270264,-0.06222895532846451,-0.9584450125694275,-0.07576758414506912,0.05181071162223816,-0.4739222526550293,-0.045901019126176834,0.02657320536673069,-0.63606858253479,-0.062003523111343384,0.010180925019085407,-0.7383549213409424,-0.07046224921941757,-0.003965179901570082,-0.8349751234054565,-0.07857147604227066
B,0.0,0.0,0.0,-0.10737618803977966,-0.07105714082717896,-0.03231407329440117,-0.18239803612232208,-0.24339093267917633,-0.047551292926073074,-0.16617245972156525,-0.403291791677475,-0.06285988539457321,-0.09282953292131424,-0.42870908975601196,-0.07871007174253464,-0.12814326584339142,-0.4980999827384949,-0.009008493274450302,-0.13869629800319672,-0.6875549554824829,-0.03177208453416824,-0.13635820150375366,-0.8030005097389221,-0.05866098403930664,-0.12927496433258057,-0.9115352034568787,-0.0825853943824768,-0.06645233184099197,-0.5284935832023621,-0.018040752038359642,-0.08358114957809448,-0.7427458167076111,-0.03483087196946144,-0.08646661043167114,-0.8763377666473389,-0.05772901698946953,-0.08923118561506271,-1.0,-0.0772160217165947,-0.006064878776669502,-0.5143077969551086,-0.03360845893621445,-0.024351488798856735,-0.7134279012680054,-0.0512574277818203,-0.03525476157665253,-0.8402659893035889,-0.07011420279741287,-0.04554108530282974,-0.9525433778762817,-0.08580011874437332,0.0603838674724102,-0.46441566944122314,-0.05420435220003128,0.037149619311094284,-0.6265481114387512,-0.07154756784439087,0.022960374131798744,-0.7301697731018066,-0.08101072907447815,0.011361990123987198,-0.8277394771575928,-0.08958935737609863
B,0.0,0.0,0.0,-0.10638509690761566,-0.07444356381893158,-0.03833635151386261,-0.17603498697280884,-0.24302273988723755,-0.05920890346169472,-0.14227095246315002,-0.3961865305900574,-0.07915901392698288,-0.06217537447810173,-0.40925663709640503,-0.09991053491830826,-0.13531604409217834,-0.4957052767276764,-0.0206493828445673,-0.14506995677947998,-0.686317503452301,-0.04789360985159874,-0.141666442155838,-0.804401695728302,-0.07779014855623245,-0.1333378404378891,-0.9140259623527527,-0.10353671759366989,-0.07244157046079636,-0.5242087841033936,-0.028442610055208206,-0.08990015834569931,-0.7374567985534668,-0.049221742898225784,-0.09365967661142349,-0.8739133477210999,-0.0756012424826622,-0.09665817767381668,-1.0,-0.09738335758447647,-0.010740586556494236,-0.5087996125221252,-0.04273223504424095,-0.028392508625984192,-0.7079933881759644,-0.06312287598848343,-0.03945866972208023,-0.8362091183662415,-0.08510827273130417,-0.04885042458772659,-0.9501797556877136,-0.10254645347595215,0.05477650463581085,-0.45841121673583984,-0.06244765222072601,0.03236738219857216,-0.6192219853401184,-0.08206722885370255,0.019236234948039055,-0.7237178683280945,-0.09324854612350464,0.010799664072692394,-0.8205353617668152,-0.10264495015144348
B,0.0,0.0,0.0,-0.10551099479198456,-0.0704241544008255,-0.04137063026428223,-0.17493969202041626,-0.24680185317993164,-0.06241561844944954,-0.14312337338924408,-0.40914756059646606,-0.08229345828294754,-0.060345590114593506,-0.41419079899787903,-0.1031782329082489,-0.13406896591186523,-0.4966418743133545,-0.019754460081458092,-0.1441405713558197,-0.6773099303245544,-0.0475262850522995,-0.14127346873283386,-0.7933303713798523,-0.07924045622348785,-0.13314831256866455,-0.9050161838531494,-0.10719824582338333,-0.07185922563076019,-0.5291022658348083,-0.026786500588059425,-0.08857613056898117,-0.7357539534568787,-0.04869204759597778,-0.09365253150463104,-0.870887815952301,-0.0770111158490181,-0.09932836145162582,-1.0,-0.10046681016683578,-0.010381316766142845,-0.5134440660476685,-0.04083460941910744,-0.025964489206671715,-0.7101854681968689,-0.06381771713495255,-0.038144513964653015,-0.8376451730728149,-0.08863368630409241,-0.05024115741252899,-0.953078031539917,-0.10781098157167435,0.05416122078895569,-0.4600614607334137,-0.06057090684771538,0.03257587179541588,-0.6187657713890076,-0.08318210393190384,0.018332868814468384,-0.7241142392158508,-0.0977686271071434,0.007559437304735184,-0.820933997631073,-0.1097097098827362
B,0.0,0.0,0.0,-0.10057763010263443,-0.07239488512277603,-0.04042139649391174,-0.16405539214611053,-0.24717383086681366,-0.0633322149515152,-0.12773838639259338,-0.3969064950942993,-0.08502887189388275,-0.05146443471312523,-0.3958941400051117,-0.1081080436706543,-0.12980422377586365,-0.4939633309841156,-0.028354138135910034,-0.13749012351036072,-0.6777704954147339,-0.06011161580681801,-0.13507236540317535,-0.7976539134979248,-0.09263850748538971,-0.1282290667295456,-0.9097609519958496,-0.12035012990236282,-0.0674574077129364,-0.5224384069442749,-0.037018951028585434,-0.08220065385103226,-0.7298819422721863,-0.06303947418928146,-0.08514570444822311,-0.8690504431724548,-0.09092021733522415,-0.08917160332202911,-1.0,-0.11335638910531998,-0.005659420508891344,-0.5058212876319885,-0.05230911821126938,-0.021887987852096558,-0.7028566598892212,-0.07802985608577728,-0.03245487064123154,-0.8318414688110352,-0.10153032094240189,-0.042990755289793015,-0.9493010640144348,-0.11918901652097702,0.05868534371256828,-0.45411747694015503,-0.073160320520401,0.037182632833719254,-0.612754762172699,-0.09768462926149368,0.022792385891079903,-0.7188083529472351,-0.11193069070577621,0.011792591772973537,-0.815586507320404,-0.12316670268774033
B,0.0,0.0,0.0,-0.0953395739197731,-0.0782407894730568,-0.04071233421564102,-0.15835003554821014,-0.25014305114746094,-0.06551847606897354,-0.1198728010058403,-0.3910886347293854,-0.08918395638465881,-0.04337750002741814,-0.3787846565246582,-0.11450732499361038,-0.122084841132164,-0.4964247941970825,-0.033173736184835434,-0.12669207155704498,-0.6806073784828186,-0.06692850589752197,-0.12263481318950653,-0.8016833066940308,-0.10019435733556747,-0.11363666504621506,-0.9146233201026917,-0.12839148938655853,-0.05983388423919678,-0.5238593220710754,-0.0424346961081028,-0.071766197681427,-0.7308527231216431,-0.07015592604875565,-0.07127775251865387,-0.8694477677345276,-0.09723444283008575,-0.07114316523075104,-1.0,-0.11906901746988297,0.0014158673584461212,-0.5042253732681274,-0.05834299698472023,-0.011216224171221256,-0.7023040056228638,-0.08510562032461166,-0.018806252628564835,-0.8314566016197205,-0.10782397538423538,-0.026474205777049065,-0.9495001435279846,-0.12488768994808197,0.06622425466775894,-0.44934937357902527,-0.079891636967659,0.04908448085188866,-0.6112825870513916,-0.1056179404258728,0.03605160117149353,-0.7189518809318542,-0.12010613828897476,0.025038519874215126,-0.8172562122344971,-0.13144652545452118
B,0.0,0.0,0.0,-0.09300211817026138,-0.07963535189628601,-0.042391858994960785,-0.15353669226169586,-0.2504633367061615,-0.06893036514520645,-0.114133819937706,-0.38583770394325256,-0.09403522312641144,-0.03815184533596039,-0.3714526295661926,-0.12109076231718063,-0.11330932378768921,-0.4962295591831207,-0.03877948597073555,-0.11756373196840286,-0.6848048567771912,-0.07427925616502762,-0.11096449196338654,-0.8062013387680054,-0.10829134285449982,-0.09846807271242142,-0.9190807342529297,-0.13692288100719452,-0.05076197162270546,-0.5173708200454712,-0.04773866757750511,-0.06153424084186554,-0.7282620668411255,-0.07751017808914185,-0.05850633233785629,-0.8674034476280212,-0.10700000822544098,-0.05469692498445511,-1.0,-0.13071373105049133,0.010625643655657768,-0.49305739998817444,-0.06296031177043915,-0.0006653571617789567,-0.6937942504882812,-0.0914158895611763,-0.0064869592897593975,-0.8236574530601501,-0.1164148673415184,-0.011328035034239292,-0.9435574412345886,-0.13527370989322662,0.07501924782991409,-0.43315330147743225,-0.08367700129747391,0.058819402009248734,-0.5954413414001465,-0.11063286662101746,0.04738631099462509,-0.7048102617263794,-0.1266089379787445,0.039619360119104385,-0.8059114217758179,-0.13927015662193298
B,0.0,0.0,0.0,-0.09047314524650574,-0.08936137706041336,-0.03859708458185196,-0.14520521461963654,-0.26253074407577515,-0.0635729432106018,-0.10320044308900833,-0.3924630284309387,-0.08783762902021408,-0.029361780732870102,-0.3747680187225342,-0.11383567750453949,-0.10700496286153793,-0.5034252405166626,-0.032482586801052094,-0.10997595638036728,-0.6869996190071106,-0.06602617353200912,-0.10180008411407471,-0.805317223072052,-0.09934715926647186,-0.08782554417848587,-0.9171810746192932,-0.12778303027153015,-0.04363757744431496,-0.5239075422286987,-0.042670369148254395,-0.05414029583334923,-0.7308102250099182,-0.07032137364149094,-0.05096862092614174,-0.8680114150047302,-0.10002050548791885,-0.047006089240312576,-1.0,-0.12434880435466766,0.01809178851544857,-0.49875766038894653,-0.05871255323290825,0.009455759078264236,-0.6977347135543823,-0.08494407683610916,0.00483271200209856,-0.8262597322463989,-0.10939356684684753,0.00014894685591571033,-0.9467760324478149,-0.12841396033763885,0.08111860603094101,-0.4366540312767029,-0.08000200986862183,0.06707750260829926,-0.5963305234909058,-0.10490795224905014,0.05670439824461937,-0.7040519118309021,-0.11962632834911346,0.04943263158202171,-0.8035972118377686,-0.1315995454788208
B,0.0,0.0,0.0,-0.09025159478187561,-0.08488021790981293,-0.03766125440597534,-0.1493280678987503,-0.2573185861110687,-0.0630631297826767,-0.11198008805513382,-0.3876381516456604,-0.08804105967283249,-0.03654446080327034,-0.36861249804496765,-0.11561332643032074,-0.11080591380596161,-0.49604061245918274,-0.035512570291757584,-0.11353489756584167,-0.679959237575531,-0.06838434189558029,-0.10815891623497009,-0.7976837158203125,-0.1009918674826622,-0.09719011932611465,-0.9107231497764587,-0.1295393705368042,-0.04813641682267189,-0.518997073173523,-0.0467551164329052,-0.057932838797569275,-0.7284311056137085,-0.07406780123710632,-0.056229908019304276,-0.865534245967865,-0.1040605753660202,-0.054798148572444916,-1.0,-0.1291881501674652,0.01366319041699171,-0.4947652518749237,-0.06342125684022903,0.004584093578159809,-0.6948927640914917,-0.0892052948474884,0.0006046537309885025,-0.8242495656013489,-0.11499813944101334,-0.004773828666657209,-0.9470844268798828,-0.13567250967025757,0.07679890841245651,-0.43351423740386963,-0.08505941182374954,0.06169857084751129,-0.5938859581947327,-0.10931006819009781,0.05143093690276146,-0.7013033032417297,-0.124969482421875,0.043301843106746674,-0.7999155521392822,-0.13846394419670105
B,0.0,0.0,0.0,-0.09160315245389938,-0.07659542560577393,-0.039614949375391006,-0.1548926681280136,-0.2508464455604553,-0.06526932120323181,-0.11913378536701202,-0.38685351610183716,-0.0902281105518341,-0.040775880217552185,-0.36376312375068665,-0.11749143898487091,-0.11454427987337112,-0.4950995445251465,-0.03605281561613083,-0.11795076727867126,-0.677988588809967,-0.06953605264425278,-0.1126435324549675,-0.795911431312561,-0.10285273939371109,-0.10100757330656052,-0.9097033143043518,-0.13238446414470673,-0.05167302489280701,-0.5181379318237305,-0.04685381427407265,-0.06304609030485153,-0.7270298600196838,-0.07580536603927612,-0.061197154223918915,-0.8646653890609741,-0.10650156438350677,-0.05866552144289017,-1.0,-0.13202805817127228,0.009666087105870247,-0.49366554617881775,-0.06350769102573395,-0.00043911917600780725,-0.6927856802940369,-0.09139040857553482,-0.005842271260917187,-0.8203350901603699,-0.11818832904100418,-0.011497624218463898,-0.9428810477256775,-0.13932645320892334,0.07303512841463089,-0.4331989884376526,-0.08536746352910995,0.05739196762442589,-0.5897730588912964,-0.11217683553695679,0.047217320650815964,-0.6952177882194519,-0.12987026572227478,0.04018102213740349,-0.7930030226707458,-0.14474959671497345
B,0.0,0.0,0.0,-0.08998885005712509,-0.07314581423997879,-0.041350360959768295,-0.1547798067331314,-0.2407759428024292,-0.06937412172555923,-0.12412624806165695,-0.3798270523548126,-0.09599912911653519,-0.045906685292720795,-0.36387982964515686,-0.12478090822696686,-0.1185874342918396,-0.4954318702220917,-0.04192022234201431,-0.12272615730762482,-0.6808643937110901,-0.0761648416519165,-0.1187446191906929,-0.7983331084251404,-0.10924021154642105,-0.10896360874176025,-0.912577748298645,-0.1384853571653366,-0.055281177163124084,-0.5180519819259644,-0.052313432097435,-0.06828846037387848,-0.7285035848617554,-0.08208241313695908,-0.06784629076719284,-0.8646733164787292,-0.11244414001703262,-0.06696866452693939,-1.0,-0.13757579028606415,0.007167396135628223,-0.4932068884372711,-0.06827227771282196,-0.004855761770159006,-0.6953545212745667,-0.09704649448394775,-0.011727065779268742,-0.8239164352416992,-0.12366856634616852,-0.018802838400006294,-0.949380099773407,-0.14453350007534027,0.072212815284729,-0.43238523602485657,-0.08930835127830505,0.05486521124839783,-0.5929145812988281,-0.11691796034574509,0.04454601928591728,-0.7002016305923462,-0.13452252745628357,0.037360042333602905,-0.8014785647392273,-0.14905664324760437
B,0.0,0.0,0.0,-0.09069710224866867,-0.06896377354860306,-0.03957883268594742,-0.15966741740703583,-0.23591384291648865,-0.06538639962673187,-0.13354408740997314,-0.3757939040660858,-0.089886873960495,-0.05611208826303482,-0.36489787697792053,-0.11649920791387558,-0.12862084805965424,-0.4885580837726593,-0.0388326421380043,-0.13430947065353394,-0.6742691993713379,-0.07029921561479568,-0.1312287300825119,-0.7914570569992065,-0.10127172619104385,-0.12304668128490448,-0.9052814245223999,-0.12903539836406708,-0.06570421159267426,-0.5148981213569641,-0.0490172877907753,-0.08027909696102142,-0.7258985042572021,-0.07518850266933441,-0.0811723992228508,-0.8632478713989258,-0.10351225733757019,-0.08206264674663544,-1.0,-0.12769301235675812,-0.002847546013072133,-0.49335816502571106,-0.06461788713932037,-0.017209839075803757,-0.6942568421363831,-0.0901435911655426,-0.024776581674814224,-0.8235746622085571,-0.11564870923757553,-0.032679732888936996,-0.9489860534667969,-0.13633407652378082,0.06269393116235733,-0.43591418862342834,-0.08518845587968826,0.043456848710775375,-0.5965025424957275,-0.11003292351961136,0.03236542269587517,-0.7037664651870728,-0.1260928362607956,0.024417772889137268,-0.804271399974823,-0.13993921875953674
B,0.0,0.0,0.0,-0.09211963415145874,-0.07504192739725113,-0.04043865576386452,-0.15696224570274353,-0.23900622129440308,-0.06672348827123642,-0.12795646488666534,-0.3756953775882721,-0.09162857383489609,-0.05187790468335152,-0.36295923590660095,-0.11859375983476639,-0.12536387145519257,-0.47408804297447205,-0.03932768478989601,-0.13405349850654602,-0.6592162847518921,-0.07150457799434662,-0.1329604983329773,-0.777180552482605,-0.10227223485708237,-0.12597812712192535,-0.891184389591217,-0.12919417023658752,-0.06454592198133469,-0.5036103129386902,-0.04906439781188965,-0.08047552406787872,-0.7183247804641724,-0.0757577121257782,-0.08447053283452988,-0.86154705286026,-0.10413199663162231,-0.08788692951202393,-1.0,-0.12806527316570282,-0.004198193084448576,-0.48647981882095337,-0.06430374085903168,-0.0183466374874115,-0.6911282539367676,-0.09000327438116074,-0.027094582095742226,-0.8216886520385742,-0.1155189499258995,-0.03592091053724289,-0.9428706765174866,-0.13583038747310638,0.05939209833741188,-0.4339156448841095,-0.08464959263801575,0.04273048788309097,-0.5951409935951233,-0.10861781239509583,0.031472522765398026,-0.7037131190299988,-0.12401054799556732,0.022984279319643974,-0.802875816822052,-0.13740679621696472
B,0.0,0.0,0.0,-0.09198282659053802,-0.07733148336410522,-0.04098685830831528,-0.15880733728408813,-0.24097301065921783,-0.06672445684671402,-0.1327366828918457,-0.3913404643535614,-0.09118416905403137,-0.05242527648806572,-0.39902323484420776,-0.11698165535926819,-0.1300041526556015,-0.49134647846221924,-0.032833077013492584,-0.138447105884552,-0.6770941615104675,-0.06438185274600983,-0.13693104684352875,-0.7943371534347534,-0.0954110324382782,-0.12949204444885254,-0.9075750112533569,-0.12251517176628113,-0.06768383830785751,-0.5216048359870911,-0.04182346165180206,-0.08129837363958359,-0.7335723638534546,-0.06753171235322952,-0.08286581933498383,-0.8686622381210327,-0.09486275166273117,-0.0840173289179802,-1.0,-0.11784682422876358,-0.005379133857786655,-0.5047881007194519,-0.05709555745124817,-0.0200468972325325,-0.7076953053474426,-0.08288946747779846,-0.02971511147916317,-0.8365389704704285,-0.10656596720218658,-0.03945991024374962,-0.9578207731246948,-0.12530510127544403,0.059233397245407104,-0.45072272419929504,-0.07772743701934814,0.041175637394189835,-0.6143775582313538,-0.10173268616199493,0.02985624596476555,-0.7232454419136047,-0.11610447615385056,0.021020449697971344,-0.8235792517662048,-0.1284259408712387
B,0.0,0.0,0.0,-0.09405922889709473,-0.07851831614971161,-0.0423697791993618,-0.16096904873847961,-0.2424107939004898,-0.06870836764574051,-0.13508132100105286,-0.39694973826408386,-0.09385637193918228,-0.054815199226140976,-0.4038211405277252,-0.12056948244571686,-0.1299007385969162,-0.4845023453235626,-0.03471014276146889,-0.14022774994373322,-0.6687899231910706,-0.06811688095331192,-0.14042454957962036,-0.7869404554367065,-0.10115706920623779,-0.13547220826148987,-0.9037251472473145,-0.13004200160503387,-0.0693795382976532,-0.5140299201011658,-0.043752271682024,-0.08631045371294022,-0.7236275672912598,-0.07191123813390732,-0.09095516055822372,-0.8612232208251953,-0.1016077920794487,-0.09656640887260437,-1.0,-0.12649419903755188,-0.008472587913274765,-0.4979478418827057,-0.05917065963149071,-0.0242514256387949,-0.6961570978164673,-0.08709035813808441,-0.03441528230905533,-0.8246336579322815,-0.11216895282268524,-0.04608992859721184,-0.9489187598228455,-0.13167208433151245,0.055597785860300064,-0.4466717839241028,-0.0801297277212143,0.035556498914957047,-0.6081920862197876,-0.10575316846370697,0.022770313546061516,-0.7160681486129761,-0.12146120518445969,0.011748346500098705,-0.8159216642379761,-0.1347314417362213
B,0.0,0.0,0.0,-0.09746625274419785,-0.08471757173538208,-0.037213556468486786,-0.165062814950943,-0.25485309958457947,-0.05903884023427963,-0.1415836364030838,-0.40348681807518005,-0.08105037361383438,-0.06545504927635193,-0.41705942153930664,-0.1046663373708725,-0.1328354775905609,-0.4876726269721985,-0.023817861452698708,-0.14415346086025238,-0.6670442223548889,-0.05452004447579384,-0.14567852020263672,-0.7829205989837646,-0.0863800123333931,-0.14233176410198212,-0.9002451300621033,-0.11482256650924683,-0.07532312721014023,-0.5181535482406616,-0.03485516086220741,-0.09230286628007889,-0.7260812520980835,-0.060183003544807434,-0.09730430692434311,-0.8612302541732788,-0.08857304602861404,-0.10301278531551361,-1.0,-0.11294271051883698,-0.01584421470761299,-0.5028645992279053,-0.05250588059425354,-0.03181704133749008,-0.700996458530426,-0.07833478599786758,-0.04164108261466026,-0.8272600769996643,-0.10166344046592712,-0.05298547074198723,-0.9501938819885254,-0.12041924893856049,0.04710277169942856,-0.4514853060245514,-0.07553814351558685,0.02618556283414364,-0.608430802822113,-0.09911008179187775,0.013053727336227894,-0.7142025232315063,-0.11288339644670486,0.0017180184368044138,-0.8130722641944885,-0.12525977194309235
B,0.0,0.0,0.0,-0.10600630939006805,-0.07325036078691483,-0.041601426899433136,-0.1855255365371704,-0.23003052175045013,-0.06444557756185532,-0.16882050037384033,-0.38455596566200256,-0.08680500090122223,-0.0905391201376915,-0.41021159291267395,-0.11028483510017395,-0.15150965750217438,-0.48070192337036133,-0.021876513957977295,-0.16975516080856323,-0.6624247431755066,-0.05306793376803398,-0.17452268302440643,-0.7794888019561768,-0.08618190884590149,-0.174542635679245,-0.8977084159851074,-0.11535834521055222,-0.09349191188812256,-0.5183210372924805,-0.03051353618502617,-0.11906316876411438,-0.7267022728919983,-0.05624208226799965,-0.12914380431175232,-0.8617365956306458,-0.08644390851259232,-0.13965173065662384,-1.0,-0.11217451840639114,-0.033106446266174316,-0.5116088390350342,-0.046630434691905975,-0.05690143257379532,-0.7071011066436768,-0.07296179980039597,-0.07320685684680939,-0.833969235420227,-0.09900090098381042,-0.0897407978773117,-0.9549089074134827,-0.11951793730258942,0.0329834446310997,-0.4697323739528656,-0.06862904876470566,0.006483354140073061,-0.6239598393440247,-0.09277860820293427,-0.01147108431905508,-0.728863537311554,-0.10865110903978348,-0.02665751427412033,-0.8283185958862305,-0.12251883000135422
B,0.0,0.0,0.0,-0.10734578967094421,-0.06530020385980606,-0.035432979464530945,-0.19069518148899078,-0.20697572827339172,-0.05745165795087814,-0.18307502567768097,-0.3668456971645355,-0.07999986410140991,-0.1110314279794693,-0.42235103249549866,-0.1038292795419693,-0.15768630802631378,-0.47963008284568787,-0.019928712397813797,-0.18111436069011688,-0.6653993129730225,-0.05139169096946716,-0.18755841255187988,-0.7827647924423218,-0.08494903147220612,-0.18910406529903412,-0.900937557220459,-0.11416331678628922,-0.09919700026512146,-0.5175423622131348,-0.03154812380671501,-0.12913839519023895,-0.7314735054969788,-0.05614817142486572,-0.1417224109172821,-0.8644833564758301,-0.08506214618682861,-0.15490829944610596,-1.0,-0.11010360717773438,-0.03824453055858612,-0.5122883915901184,-0.049822237342596054,-0.06528585404157639,-0.7104582786560059,-0.07420039176940918,-0.08289660513401031,-0.8353021740913391,-0.09573645144701004,-0.10145252197980881,-0.954673707485199,-0.11384567618370056,0.03065229207277298,-0.470800518989563,-0.07344479858875275,0.00019930701819248497,-0.6255369186401367,-0.09600796550512314,-0.021205959841609,-0.7266815900802612,-0.1080770269036293,-0.042082857340574265,-0.8225433826446533,-0.11906962841749191
B,0.0,0.0,0.0,-0.11535253375768661,-0.04908224195241928,-0.03634953871369362,-0.2084570974111557,-0.19973979890346527,-0.054734811186790466,-0.21432532370090485,-0.37748849391937256,-0.07362919300794601,-0.14800800383090973,-0.42791324853897095,-0.09302208572626114,-0.18227750062942505,-0.4739018976688385,-0.012596544809639454,-0.21198925375938416,-0.6614292860031128,-0.0388144887983799,-0.22452984750270844,-0.777312159538269,-0.06877012550830841,-0.23419222235679626,-0.8918187022209167,-0.09645596146583557,-0.12446598708629608,-0.5250231027603149,-0.023071303963661194,-0.16278815269470215,-0.7377539873123169,-0.043839629739522934,-0.18038272857666016,-0.8698837161064148,-0.06927376240491867,-0.20096257328987122,-1.0,-0.0920015200972557,-0.06173679605126381,-0.5295521020889282,-0.040723755955696106,-0.09907709807157516,-0.7309473156929016,-0.06373744457960129,-0.12136141955852509,-0.8535956740379333,-0.08328539878129959,-0.14478571712970734,-0.967271625995636,-0.09984751045703888,0.010818217881023884,-0.4973909556865692,-0.06393211334943771,-0.028459981083869934,-0.6543153524398804,-0.08675775676965714,-0.053368471562862396,-0.7553232312202454,-0.09889419376850128,-0.07709875702857971,-0.848803699016571,-0.10971731692552567
B,0.0,0.0,0.0,-0.11919621378183365,-0.01885026879608631,-0.03507203236222267,-0.22920332849025726,-0.15874500572681427,-0.052815843373537064,-0.2472122311592102,-0.3342423439025879,-0.07137075066566467,-0.1816064715385437,-0.399356484413147,-0.09108131378889084,-0.214772567152977,-0.457992285490036,-0.017839187756180763,-0.25896191596984863,-0.6481592655181885,-0.04709331691265106,-0.27712056040763855,-0.7687658667564392,-0.07837766408920288,-0.29060325026512146,-0.8889421224594116,-0.10634566098451614,-0.15925896167755127,-0.5152468085289001,-0.030262699350714684,-0.2150585800409317,-0.7306243181228638,-0.05419757217168808,-0.24203447997570038,-0.8672645688056946,-0.08069409430027008,-0.2686142325401306,-1.0,-0.10328458994626999,-0.0963895171880722,-0.526085615158081,-0.04950791224837303,-0.1498386263847351,-0.7286795377731323,-0.07450582832098007,-0.18071213364601135,-0.8531979918479919,-0.09445314109325409,-0.2109060287475586,-0.9701725244522095,-0.11092516779899597,-0.021249093115329742,-0.5012170672416687,-0.07430713623762131,-0.0711328312754631,-0.6598339080810547,-0.09822426736354828,-0.10215744376182556,-0.7620126605033875,-0.1106349527835846,-0.1318204253911972,-0.8581445813179016,-0.12152551114559174
B,0.0,0.0,0.0,-0.11649585515260696,-0.009825373068451881,-0.0381527803838253,-0.22391510009765625,-0.15082933008670807,-0.056216392666101456,-0.24467402696609497,-0.33516547083854675,-0.0742674246430397,-0.1827695667743683,-0.4032711982727051,-0.09344034641981125,-0.2120688259601593,-0.450174480676651,-0.018291212618350983,-0.25595712661743164,-0.6433687806129456,-0.04909251257777214,-0.2775760591030121,-0.7698285579681396,-0.0817335844039917,-0.2937869429588318,-0.8936845064163208,-0.11054298281669617,-0.15697400271892548,-0.5074235200881958,-0.02930842526257038,-0.21274925768375397,-0.7224112749099731,-0.05499166250228882,-0.24017415940761566,-0.8620401620864868,-0.08267141878604889,-0.26531586050987244,-1.0,-0.1055963784456253,-0.09500212967395782,-0.5182969570159912,-0.047607190907001495,-0.14923258125782013,-0.7190802693367004,-0.07416628301143646,-0.18026746809482574,-0.8464840650558472,-0.09532006084918976,-0.2087322473526001,-0.9680008292198181,-0.11238060146570206,-0.020106423646211624,-0.4959755837917328,-0.07174988836050034,-0.07267902791500092,-0.6492699384689331,-0.0968421995639801,-0.10562415421009064,-0.7502732276916504,-0.11016027629375458,-0.13593100011348724,-0.848721981048584,-0.12157651782035828
B,0.0,0.0,0.0,-0.11834132671356201,-0.04624229669570923,-0.035341646522283554,-0.21450883150100708,-0.19418492913246155,-0.0522325225174427,-0.22394035756587982,-0.36332473158836365,-0.07061677426099777,-0.1581791788339615,-0.4154290556907654,-0.09026987105607986,-0.182961106300354,-0.4681226313114166,-0.00903392769396305,-0.21422693133354187,-0.6588790416717529,-0.039517275989055634,-0.22421643137931824,-0.7846646904945374,-0.07160010188817978,-0.22869659960269928,-0.9073156714439392,-0.09871040284633636,-0.12565913796424866,-0.5140637159347534,-0.020782912150025368,-0.16561594605445862,-0.7244753241539001,-0.045360539108514786,-0.18340551853179932,-0.864891529083252,-0.07120516151189804,-0.1989113837480545,-1.0,-0.09168906509876251,-0.06323926150798798,-0.5172335505485535,-0.04044656455516815,-0.10429482907056808,-0.7112976908683777,-0.06605105847120285,-0.12903828918933868,-0.8358834385871887,-0.08368474990129471,-0.15130040049552917,-0.9546394944190979,-0.09646719694137573,0.007899876683950424,-0.4879094958305359,-0.06601285934448242,-0.03242173790931702,-0.640733540058136,-0.08802349865436554,-0.05878618359565735,-0.7430807948112488,-0.09662580490112305,-0.08283400535583496,-0.8414993286132812,-0.10368003696203232
B,0.0,0.0,0.0,-0.11262713372707367,-0.0596722736954689,-0.032288674265146255,-0.19397376477718353,-0.22531405091285706,-0.045829154551029205,-0.19751666486263275,-0.39756038784980774,-0.06082812696695328,-0.13896621763706207,-0.4473256766796112,-0.07670397311449051,-0.1510550081729889,-0.4845665693283081,-0.0031925179064273834,-0.17035898566246033,-0.6701366901397705,-0.029792143031954765,-0.173359677195549,-0.7902917861938477,-0.0597248300909996,-0.17193251848220825,-0.908625602722168,-0.08593210577964783,-0.09310431033372879,-0.5235016942024231,-0.014690949581563473,-0.1190548837184906,-0.7359681725502014,-0.03581303730607033,-0.128589928150177,-0.8699076175689697,-0.06018528714776039,-0.13774077594280243,-1.0,-0.08046561479568481,-0.033404599875211716,-0.516112208366394,-0.03368060663342476,-0.06213478371500969,-0.7195953726768494,-0.05694964900612831,-0.08054830878973007,-0.8477739691734314,-0.07321979105472565,-0.09664109349250793,-0.9680379629135132,-0.08630350977182388,0.03528018295764923,-0.4758256673812866,-0.05819694697856903,0.005741236265748739,-0.6347657442092896,-0.07905931025743484,-0.014795934781432152,-0.738620936870575,-0.08718584477901459,-0.034628402441740036,-0.8385201692581177,-0.09468497335910797
B,0.0,0.0,0.0,-0.11001880466938019,-0.08588356524705887,-0.03220076113939285,-0.18669934570789337,-0.2629154622554779,-0.04653440788388252,-0.17455850541591644,-0.42770639061927795,-0.06184414029121399,-0.10168672353029251,-0.4580365717411041,-0.07791802287101746,-0.1340169459581375,-0.49053850769996643,-0.005657019559293985,-0.1416621059179306,-0.6732732653617859,-0.03129366412758827,-0.1394667625427246,-0.7897034287452698,-0.060016781091690063,-0.13366375863552094,-0.9012678265571594,-0.08520802110433578,-0.07317937165498734,-0.5264802575111389,-0.01618657261133194,-0.08611883223056793,-0.738264262676239,-0.03600304201245308,-0.08902114629745483,-0.8728535175323486,-0.05986814200878143,-0.09351252764463425,-1.0,-0.07972866296768188,-0.012238421477377415,-0.5153454542160034,-0.03392533212900162,-0.026819074526429176,-0.7198418378829956,-0.05556977540254593,-0.037029094994068146,-0.8501507043838501,-0.07466082274913788,-0.04863807186484337,-0.9667680263519287,-0.08962825685739517,0.0539071261882782,-0.46715912222862244,-0.05675723776221275,0.03669164702296257,-0.6266639232635498,-0.07653559744358063,0.023392019793391228,-0.7330867052078247,-0.08641321212053299,0.0094792814925313,-0.8309926986694336,-0.09524959325790405
B,0.0,0.0,0.0,-0.10833471268415451,-0.09917405247688293,-0.034962646663188934,-0.17633602023124695,-0.29400870203971863,-0.04895331338047981,-0.15200664103031158,-0.460377037525177,-0.06305202841758728,-0.0753319263458252,-0.4732488691806793,-0.07673300802707672,-0.11307737976312637,-0.5163532495498657,-0.0047117783688008785,-0.11151976138353348,-0.7069131135940552,-0.026490837335586548,-0.10219117999076843,-0.8182722330093384,-0.0519968643784523,-0.08992630243301392,-0.9200132489204407,-0.07456303387880325,-0.04909181222319603,-0.5392627716064453,-0.0119083933532238,-0.05149872973561287,-0.7547820210456848,-0.026308631524443626,-0.04621804505586624,-0.8835090398788452,-0.04543142393231392,-0.042557355016469955,-1.0,-0.06186797097325325,0.01158097293227911,-0.5182991027832031,-0.026708314195275307,0.005059762392193079,-0.7221439480781555,-0.04204665869474411,0.0013673625653609633,-0.8481996655464172,-0.05711480602622032,-0.0034174385946244,-0.9573599696159363,-0.06983143836259842,0.0747385323047638,-0.46178489923477173,-0.04732251539826393,0.06355414539575577,-0.623746931552887,-0.0614793486893177,0.05382093787193298,-0.7287636399269104,-0.06802436709403992,0.04501979798078537,-0.8231454491615295,-0.07459348440170288
B,0.0,0.0,0.0,-0.10524722188711166,-0.1087212860584259,-0.033806607127189636,-0.16561442613601685,-0.31146806478500366,-0.045661818236112595,-0.1296875774860382,-0.4694523811340332,-0.057867635041475296,-0.05666903406381607,-0.46244552731513977,-0.06967215985059738,-0.10424026846885681,-0.5207926630973816,0.0035070739686489105,-0.10636164247989655,-0.7054940462112427,-0.015021753497421741,-0.09780871123075485,-0.8151382207870483,-0.0400167815387249,-0.08569441735744476,-0.9167697429656982,-0.06261292099952698,-0.042867302894592285,-0.5402632355690002,-0.0028901626355946064,-0.046446576714515686,-0.7510648369789124,-0.014829693362116814,-0.03982537239789963,-0.8817715644836426,-0.03430488705635071,-0.03393913432955742,-1.0,-0.05134626850485802,0.013668973930180073,-0.5167922377586365,-0.017146896570920944,0.007303645834326744,-0.7143877148628235,-0.030215570703148842,0.005495043937116861,-0.8392674326896667,-0.04568972438573837,0.004080944694578648,-0.9440117478370667,-0.05871807411313057,0.07383961230516434,-0.46009960770606995,-0.03739533945918083,0.06149217113852501,-0.6219201683998108,-0.048023439943790436,0.053138524293899536,-0.7259770035743713,-0.05310757830739021,0.04748784750699997,-0.8164746761322021,-0.05917193740606308
B,0.0,0.0,0.0,-0.10821083188056946,-0.0998864397406578,-0.0340336412191391,-0.16898424923419952,-0.30627816915512085,-0.04471810907125473,-0.13600318133831024,-0.47114989161491394,-0.05587276071310043,-0.06174794211983681,-0.4636518955230713,-0.0663648247718811,-0.10706117749214172,-0.5190858244895935,0.008056474849581718,-0.1090465858578682,-0.7028812170028687,-0.00921684131026268,-0.10112979263067245,-0.8141108155250549,-0.034112971276044846,-0.08981877565383911,-0.9183812737464905,-0.05706458166241646,-0.045659031718969345,-0.5397540926933289,0.0017922978149726987,-0.04983089119195938,-0.7487459778785706,-0.009515495970845222,-0.043704599142074585,-0.8795819878578186,-0.029101265594363213,-0.0390259250998497,-1.0,-0.04623851180076599,0.011205360293388367,-0.5181484222412109,-0.012701276689767838,0.0049958014860749245,-0.7124921083450317,-0.025540025904774666,0.0036040067207068205,-0.8375570178031921,-0.04121691733598709,0.001575506990775466,-0.9442218542098999,-0.05465896055102348,0.07195914536714554,-0.4647330045700073,-0.033360887318849564,0.06033835932612419,-0.621899425983429,-0.04370911419391632,0.053378310054540634,-0.7230433821678162,-0.049017421901226044,0.04876342788338661,-0.8132683634757996,-0.05554211884737015
B,0.0,0.0,0.0,-0.10969309508800507,-0.09534688293933868,-0.03484705090522766,-0.17338591814041138,-0.2990049421787262,-0.04623808339238167,-0.14293456077575684,-0.4711226522922516,-0.05799712985754013,-0.06371482461690903,-0.47043678164482117,-0.069125697016716,-0.11005000025033951,-0.5162672400474548,0.007600509095937014,-0.11119315773248672,-0.7008097767829895,-0.010062403976917267,-0.10364963114261627,-0.8110862970352173,-0.03513293340802193,-0.09217049926519394,-0.9148945808410645,-0.05852075293660164,-0.04727945849299431,-0.5382303595542908,0.001380384899675846,-0.0510452501475811,-0.7486861944198608,-0.010814458131790161,-0.04563910886645317,-0.8791146278381348,-0.03127444162964821,-0.04100947082042694,-1.0,-0.04925651103258133,0.0107571417465806,-0.5162073969841003,-0.013158513233065605,0.004952774848788977,-0.713732898235321,-0.02756964974105358,0.002892993623390794,-0.8397038578987122,-0.0443437285721302,0.0008231584797613323,-0.9479279518127441,-0.05860009416937828,0.07286224514245987,-0.46108686923980713,-0.033741295337677,0.06078978255391121,-0.6187684535980225,-0.04597392678260803,0.0534207858145237,-0.7204720973968506,-0.052767444401979446,0.04880009964108467,-0.8119744062423706,-0.06042990833520889
B,0.0,0.0,0.0,-0.11164284497499466,-0.10567723214626312,-0.032323360443115234,-0.17531663179397583,-0.30956605076789856,-0.04198107868432999,-0.14434468746185303,-0.4778384268283844,-0.0525096133351326,-0.06549360603094101,-0.46832484006881714,-0.06245500594377518,-0.11119678616523743,-0.5201571583747864,0.012704093009233475,-0.11085338145494461,-0.7047420144081116,-0.0036883396096527576,-0.10221264511346817,-0.8161450624465942,-0.028267763555049896,-0.09040039032697678,-0.9202812314033508,-0.051234036684036255,-0.04868536442518234,-0.5406244397163391,0.005972703918814659,-0.0506347119808197,-0.7501556873321533,-0.005124257877469063,-0.04449499025940895,-0.8802371621131897,-0.02505854144692421,-0.03920064494013786,-1.0,-0.04220866411924362,0.009726387448608875,-0.5180461406707764,-0.009083890356123447,0.00492267869412899,-0.7144603133201599,-0.022429486736655235,0.002167097060009837,-0.8400436639785767,-0.039198920130729675,-0.0004867542302235961,-0.9467321038246155,-0.052970193326473236,0.07248646765947342,-0.4619889557361603,-0.030040651559829712,0.06165594980120659,-0.6209518909454346,-0.04148438945412636,0.05398638918995857,-0.7222387790679932,-0.048091575503349304,0.04883896932005882,-0.8127586841583252,-0.055228620767593384
B,0.0,0.0,0.0,-0.11154666543006897,-0.10809168964624405,-0.029576865956187248,-0.1747887283563614,-0.3096412122249603,-0.036637771874666214,-0.1460544615983963,-0.478920042514801,-0.0450323224067688,-0.06792504340410233,-0.4786704480648041,-0.052450962364673615,-0.11209442466497421,-0.5234907865524292,0.02033378556370735,-0.11376381665468216,-0.7090768218040466,0.006693472154438496,-0.10537777841091156,-0.8185178637504578,-0.01688416860997677,-0.09366487711668015,-0.9205531477928162,-0.03907228261232376,-0.04907660186290741,-0.5442076921463013,0.01338981930166483,-0.053204283118247986,-0.7523224949836731,0.005386169999837875,-0.04821813851594925,-0.8811305165290833,-0.01417051162570715,-0.04444793984293938,-1.0,-0.031323663890361786,0.009226242080330849,-0.5227556228637695,-0.0018479531863704324,0.002799169160425663,-0.7164883613586426,-0.012020199559628963,-0.0006197405746206641,-0.840800940990448,-0.027278078719973564,-0.0038406713865697384,-0.9458978176116943,-0.040453799068927765,0.07283935695886612,-0.4678519070148468,-0.022941449657082558,0.0601017065346241,-0.6269433498382568,-0.030924221500754356,0.05152101069688797,-0.7271326780319214,-0.03512320667505264,0.04534714296460152,-0.8175859451293945,-0.0407741479575634
B,0.0,0.0,0.0,-0.11225176602602005,-0.11032019555568695,-0.035280484706163406,-0.177606001496315,-0.3040037453174591,-0.047126926481723785,-0.1479184925556183,-0.4710589051246643,-0.05950119346380234,-0.06959273666143417,-0.4709818959236145,-0.07090823352336884,-0.11155282706022263,-0.5184297561645508,0.013612985610961914,-0.11204931885004044,-0.7133873105049133,-0.002826543292030692,-0.10149963945150375,-0.8248613476753235,-0.028607932850718498,-0.08674560487270355,-0.9286804795265198,-0.05248259752988815,-0.04810093343257904,-0.5352303981781006,0.008163964375853539,-0.0533699132502079,-0.7502169013023376,-0.002794611733406782,-0.04663199931383133,-0.8805091977119446,-0.025433724746108055,-0.039046384394168854,-1.0,-0.04498161002993584,0.009338468313217163,-0.5113898515701294,-0.005854906514286995,0.001638244022615254,-0.7090738415718079,-0.01839180290699005,-0.0017980020493268967,-0.83855140209198,-0.03590384125709534,-0.001778032281436026,-0.9470328688621521,-0.050529420375823975,0.07332954555749893,-0.45399877429008484,-0.0261059757322073,0.05664509907364845,-0.6168164610862732,-0.036464523524045944,0.04607877880334854,-0.7211231589317322,-0.04246827960014343,0.04020839184522629,-0.8147745132446289,-0.04924667999148369
B,0.0,0.0,0.0,-0.10737456381320953,-0.10792287439107895,-0.03352949768304825,-0.17032626271247864,-0.294746071100235,-0.04767158627510071,-0.14097818732261658,-0.4537840187549591,-0.062105800956487656,-0.06475696712732315,-0.4543897807598114,-0.07662093639373779,-0.10274579375982285,-0.5107414126396179,0.0006697563221678138,-0.10200104862451553,-0.7022903561592102,-0.019929880276322365,-0.0928594172000885,-0.8172065615653992,-0.04583870619535446,-0.08017273992300034,-0.9253143072128296,-0.06910058110952377,-0.04014625772833824,-0.5285536050796509,-0.00687990989536047,-0.041481148451566696,-0.7459169030189514,-0.02139168046414852,-0.03437802195549011,-0.8785583972930908,-0.04274187237024307,-0.028254035860300064,-1.0,-0.060725294053554535,0.01790645904839039,-0.5044976472854614,-0.022006496787071228,0.011963142082095146,-0.7062909007072449,-0.037959422916173935,0.010168771259486675,-0.8367499709129333,-0.05513296648859978,0.0094594182446599,-0.9499927163124084,-0.06888652592897415,0.08007273077964783,-0.44532206654548645,-0.04268229007720947,0.06638642400503159,-0.6091074347496033,-0.056512877345085144,0.0599101297557354,-0.7142183780670166,-0.06332304328680038,0.05703947693109512,-0.8083862066268921,-0.0701192319393158
B,0.0,0.0,0.0,-0.10896624624729156,-0.10391028225421906,-0.031644705682992935,-0.17264015972614288,-0.2831583321094513,-0.04502527415752411,-0.14446952939033508,-0.43759918212890625,-0.059436194598674774,-0.07011594623327255,-0.45109647512435913,-0.07472698390483856,-0.10607488453388214,-0.505582332611084,-0.00041618308750912547,-0.10436592996120453,-0.6936847567558289,-0.02221165969967842,-0.0945817306637764,-0.8080037236213684,-0.04987535625696182,-0.0806913748383522,-0.9145295023918152,-0.07474220544099808,-0.04287131503224373,-0.5248143076896667,-0.009800598956644535,-0.04541327431797981,-0.7417596578598022,-0.02649417519569397,-0.03938881307840347,-0.8759143948554993,-0.052125170826911926,-0.03377451375126839,-1.0,-0.07392860949039459,0.015940867364406586,-0.501552164554596,-0.026343384757637978,0.011630775406956673,-0.7059980630874634,-0.04473526030778885,0.009124469943344593,-0.8381974697113037,-0.06675877422094345,0.007356906775385141,-0.9528275728225708,-0.0847957506775856,0.07824111729860306,-0.44143450260162354,-0.04786239564418793,0.06642964482307434,-0.6038617491722107,-0.06500108540058136,0.058157727122306824,-0.7107419967651367,-0.07587272673845291,0.05208677425980568,-0.8104645609855652,-0.08616641163825989
B,0.0,0.0,0.0,-0.10810133814811707,-0.09555485844612122,-0.03715942054986954,-0.17246975004673004,-0.2797602117061615,-0.052087102085351944,-0.14394713938236237,-0.43928754329681396,-0.06679251790046692,-0.06767305731773376,-0.44990694522857666,-0.08177269250154495,-0.10882183909416199,-0.5032709240913391,-0.0036397064104676247,-0.10849504917860031,-0.6930370330810547,-0.02485811524093151,-0.09831999987363815,-0.8072340488433838,-0.052144039422273636,-0.08435061573982239,-0.9145342707633972,-0.07696827501058578,-0.04511149227619171,-0.5236380100250244,-0.010004254989326,-0.049147725105285645,-0.7410747408866882,-0.025729157030582428,-0.04377824068069458,-0.8747316002845764,-0.050830330699682236,-0.03972095996141434,-1.0,-0.07248541712760925,0.01390119269490242,-0.5004597902297974,-0.02400261163711548,0.008146270178258419,-0.703560471534729,-0.041894517838954926,0.005671155638992786,-0.8354410529136658,-0.0644155889749527,0.003447621362283826,-0.9505981206893921,-0.08295679837465286,0.07609644532203674,-0.44170328974723816,-0.04350185766816139,0.06416047364473343,-0.6019840836524963,-0.06081434711813927,0.05642630159854889,-0.7088052034378052,-0.07268604636192322,0.05109835043549538,-0.8091105818748474,-0.08388649672269821
B,0.0,0.0,0.0,-0.1087995395064354,-0.09726262837648392,-0.03591127321124077,-0.17363563179969788,-0.28280577063560486,-0.05089656636118889,-0.14829036593437195,-0.4435518980026245,-0.06625622510910034,-0.07183712720870972,-0.44937387108802795,-0.08207632601261139,-0.11190247535705566,-0.510348916053772,-0.0018652592552825809,-0.11325561255216599,-0.6967737078666687,-0.023670505732297897,-0.10593365132808685,-0.8112856149673462,-0.05152159184217453,-0.09491221606731415,-0.91923588514328,-0.07693175226449966,-0.049655668437480927,-0.5311357378959656,-0.009187638759613037,-0.05612102895975113,-0.7444165945053101,-0.026256505399942398,-0.052854545414447784,-0.8754943013191223,-0.051732584834098816,-0.05069040134549141,-1.0,-0.07341329753398895,0.009935650043189526,-0.5089619755744934,-0.024113254621624947,0.002929568523541093,-0.709905207157135,-0.043212708085775375,-0.000962776888627559,-0.8403948545455933,-0.06532049924135208,-0.004991038702428341,-0.9562842845916748,-0.08322631567716599,0.07280256599187851,-0.45044660568237305,-0.04446762800216675,0.06020427495241165,-0.609592080116272,-0.061661433428525925,0.052356041967868805,-0.7152684926986694,-0.0727584958076477,0.046378523111343384,-0.815348744392395,-0.08336503058671951
B,0.0,0.0,0.0,-0.10954885184764862,-0.08873698860406876,-0.03779493272304535,-0.17529773712158203,-0.283684104681015,-0.05112754553556442,-0.14966392517089844,-0.4430069327354431,-0.06411542743444443,-0.07614085078239441,-0.4396773874759674,-0.0774419903755188,-0.11545155197381973,-0.5083469748497009,-0.0017870974261313677,-0.11681757122278214,-0.6956204175949097,-0.021847179159522057,-0.10831531882286072,-0.8115331530570984,-0.0482243075966835,-0.09559128433465958,-0.9188629984855652,-0.0727573037147522,-0.05261000990867615,-0.5306887626647949,-0.007452638354152441,-0.0586022324860096,-0.7450778484344482,-0.02258019894361496,-0.05421764776110649,-0.8766353130340576,-0.046816643327474594,-0.05122105032205582,-1.0,-0.06782831251621246,0.006897945888340473,-0.5087730884552002,-0.02101399563252926,0.0001509768480900675,-0.7091827392578125,-0.0383465550839901,-0.003925397992134094,-0.8393113613128662,-0.06097690388560295,-0.007699958048760891,-0.9529438614845276,-0.07978362590074539,0.0694836899638176,-0.45270657539367676,-0.04028850421309471,0.05577106773853302,-0.6093767285346985,-0.056756339967250824,0.04794196039438248,-0.7133033275604248,-0.0689983069896698,0.04279526323080063,-0.8114004731178284,-0.08095546811819077
B,0.0,0.0,0.0,-0.11000761389732361,-0.08417683094739914,-0.036622557789087296,-0.1780771017074585,-0.27870675921440125,-0.049857139587402344,-0.1505637913942337,-0.4407312870025635,-0.06282249093055725,-0.07187498360872269,-0.45027005672454834,-0.07566293329000473,-0.11780328303575516,-0.5129262208938599,-0.0032433585729449987,-0.12033288925886154,-0.7019959092140198,-0.023853864520788193,-0.11327269673347473,-0.817051351070404,-0.050215404480695724,-0.10268235206604004,-0.9225086569786072,-0.07421409338712692,-0.054938022047281265,-0.5350344181060791,-0.009306566789746284,-0.0636291578412056,-0.7476745843887329,-0.024230320006608963,-0.06083599850535393,-0.8788785338401794,-0.04689151048660278,-0.05881187319755554,-1.0,-0.0663575604557991,0.004779021721333265,-0.5138846635818481,-0.02304736338555813,-0.004646621644496918,-0.7133018374443054,-0.039396196603775024,-0.010188018903136253,-0.8416157960891724,-0.058971479535102844,-0.015357586555182934,-0.9533078670501709,-0.07530231028795242,0.06860879063606262,-0.45812007784843445,-0.04254826158285141,0.052547886967659,-0.6169313192367554,-0.05866200849413872,0.04203781113028526,-0.7231836318969727,-0.06889021396636963,0.03427029028534889,-0.823147177696228,-0.07857102155685425
B,0.0,0.0,0.0,-0.10792271047830582,-0.08754388242959976,-0.034972161054611206,-0.17631526291370392,-0.2756655216217041,-0.04910562187433243,-0.15506568551063538,-0.4329923689365387,-0.06349757313728333,-0.0793314054608345,-0.4454391896724701,-0.07842989265918732,-0.1200447678565979,-0.5028026103973389,-0.004455553367733955,-0.12448195368051529,-0.6885227560997009,-0.02625170163810253,-0.11979427933692932,-0.804695188999176,-0.05308673158288002,-0.11111249774694443,-0.9130226373672485,-0.07749844342470169,-0.058310866355895996,-0.5277069807052612,-0.011874161660671234,-0.06923121213912964,-0.7416104674339294,-0.028512733057141304,-0.06856973469257355,-0.8743031620979309,-0.05301344394683838,-0.06885428726673126,-1.0,-0.0741218701004982,0.0016854447312653065,-0.5099196434020996,-0.026509545743465424,-0.009694951586425304,-0.7105590105056763,-0.044530902057886124,-0.01633216068148613,-0.8390527963638306,-0.06578020006418228,-0.023469649255275726,-0.9542365670204163,-0.08347350358963013,0.06456386297941208,-0.457319438457489,-0.0464421808719635,0.046744879335165024,-0.6146015524864197,-0.06267847865819931,0.036583151668310165,-0.7193427681922913,-0.07318714261054993,0.028279980644583702,-0.8185368180274963,-0.0836125835776329
B,0.0,0.0,0.0,-0.11100250482559204,-0.08450788259506226,-0.033956579864025116,-0.18175706267356873,-0.26865845918655396,-0.04932095482945442,-0.15827101469039917,-0.42674869298934937,-0.06502458453178406,-0.08026749640703201,-0.4391914904117584,-0.08186236023902893,-0.12475471943616867,-0.5038636326789856,-0.008594494313001633,-0.13030077517032623,-0.6869139075279236,-0.03210711479187012,-0.12630794942378998,-0.800761342048645,-0.06017747148871422,-0.11884558200836182,-0.9095118641853333,-0.08588660508394241,-0.0631808415055275,-0.5298645496368408,-0.01785806193947792,-0.07380729168653488,-0.7408378720283508,-0.03727509081363678,-0.07456384599208832,-0.872683584690094,-0.06370196491479874,-0.07727877050638199,-1.0,-0.08622141927480698,-0.0033684582449495792,-0.5118537545204163,-0.03393064811825752,-0.01539221964776516,-0.7119882106781006,-0.055202919989824295,-0.024142907932400703,-0.8393424153327942,-0.07876744866371155,-0.03372720628976822,-0.9535417556762695,-0.09778864681720734,0.06031152233481407,-0.45789676904678345,-0.05498281121253967,0.041365765035152435,-0.6164696216583252,-0.07507533580064774,0.030366940423846245,-0.7219597697257996,-0.08816410601139069,0.02137896977365017,-0.8210959434509277,-0.10009956359863281
B,0.0,0.0,0.0,-0.10937231779098511,-0.08505304157733917,-0.030711879953742027,-0.18066096305847168,-0.2693534195423126,-0.04393080249428749,-0.16075748205184937,-0.42825478315353394,-0.05808117985725403,-0.08782514184713364,-0.44131794571876526,-0.07347719371318817,-0.11832428723573685,-0.5070472359657288,-0.00495516462251544,-0.12587036192417145,-0.6904375553131104,-0.028105705976486206,-0.12194052338600159,-0.8049132823944092,-0.05567377805709839,-0.11348745226860046,-0.9142608642578125,-0.08075300604104996,-0.057485394179821014,-0.5293184518814087,-0.015305033884942532,-0.0710366740822792,-0.7397861480712891,-0.034002840518951416,-0.0715922936797142,-0.8717380166053772,-0.058966848999261856,-0.07242865860462189,-1.0,-0.080245740711689,0.0018432970391586423,-0.5091284513473511,-0.03240608796477318,-0.011825788766145706,-0.7063453197479248,-0.053086601197719574,-0.020116738975048065,-0.8315894603729248,-0.07420509308576584,-0.028543628752231598,-0.9468811750411987,-0.09141113609075546,0.06584302335977554,-0.45429110527038574,-0.05436995252966881,0.04579118266701698,-0.6111913919448853,-0.07423354685306549,0.034952424466609955,-0.7146658301353455,-0.08595141768455505,0.02602595090866089,-0.8154569864273071,-0.096661776304245
B,0.0,0.0,0.0,-0.10878515988588333,-0.08730249851942062,-0.03227410092949867,-0.17792871594429016,-0.2667551636695862,-0.04894767701625824,-0.16750739514827728,-0.43475455045700073,-0.066254161298275,-0.09934017807245255,-0.4444129467010498,-0.08411215245723724,-0.10860130935907364,-0.5018191933631897,-0.008006113581359386,-0.11073199659585953,-0.6892695426940918,-0.03182777762413025,-0.1070283055305481,-0.8048409223556519,-0.0586717464029789,-0.09877949953079224,-0.9153652191162109,-0.08309590816497803,-0.05179716274142265,-0.5224904417991638,-0.018177324905991554,-0.0630059540271759,-0.7384749054908752,-0.03799152001738548,-0.06098824739456177,-0.8721988797187805,-0.06031288206577301,-0.05842540040612221,-1.0,-0.0793495625257492,0.0044644358567893505,-0.5028504729270935,-0.03521588072180748,-0.009918440133333206,-0.7076377272605896,-0.057005513459444046,-0.014791050925850868,-0.8366976976394653,-0.07522469013929367,-0.01867777295410633,-0.9541708827018738,-0.0899515450000763,0.06667161732912064,-0.4506346583366394,-0.057292040437459946,0.04775030165910721,-0.6125228404998779,-0.07709556818008423,0.038655709475278854,-0.7198010087013245,-0.08739476650953293,0.031508494168519974,-0.8212984204292297,-0.09689752012491226
B,0.0,0.0,0.0,-0.11020558327436447,-0.08191206306219101,-0.02745354175567627,-0.17769701778888702,-0.2588347792625427,-0.03841911628842354,-0.1774742752313614,-0.4307366907596588,-0.051586005836725235,-0.11848748475313187,-0.4539833068847656,-0.06492087244987488,-0.1089169830083847,-0.4994388520717621,0.009107600897550583,-0.11069309711456299,-0.6847963333129883,-0.010959193110466003,-0.10623060166835785,-0.8006941676139832,-0.037681855261325836,-0.0981961265206337,-0.9115631580352783,-0.06249912455677986,-0.05588752031326294,-0.521547794342041,-0.002566451905295253,-0.06511100381612778,-0.7345359921455383,-0.019782302901148796,-0.06279688328504562,-0.8679722547531128,-0.043751828372478485,-0.06092555448412895,-1.0,-0.06416743993759155,-0.004291672259569168,-0.5033212900161743,-0.021533798426389694,-0.017685657367110252,-0.7054697871208191,-0.0417010597884655,-0.02167799510061741,-0.8316606283187866,-0.05981338024139404,-0.02504599280655384,-0.9477738738059998,-0.0747438445687294,0.05458128824830055,-0.4516459107398987,-0.04550189524888992,0.03471170738339424,-0.6114215850830078,-0.06314940750598907,0.02659711241722107,-0.7117788791656494,-0.07194779813289642,0.020091047510504723,-0.8079661130905151,-0.08074653148651123
B,0.0,0.0,0.0,-0.11067036539316177,-0.09080618619918823,-0.022057199850678444,-0.17574627697467804,-0.25208231806755066,-0.03202041611075401,-0.18284890055656433,-0.41366446018218994,-0.045673076063394547,-0.13240976631641388,-0.45882943272590637,-0.059240203350782394,-0.11509130895137787,-0.5029357075691223,0.018843073397874832,-0.11634927988052368,-0.6921269297599792,-0.0006593707366846502,-0.1141042709350586,-0.8102000951766968,-0.027002401649951935,-0.10853974521160126,-0.9211787581443787,-0.05038386583328247,-0.06715443730354309,-0.5269505977630615,0.005016811657696962,-0.07677876204252243,-0.7418023943901062,-0.010981599800288677,-0.07858478277921677,-0.8748367428779602,-0.0338260754942894,-0.08003583550453186,-1.0,-0.052627984434366226,-0.01831398345530033,-0.5139132738113403,-0.016214871779084206,-0.03302111104130745,-0.7194008231163025,-0.03420465439558029,-0.04092862457036972,-0.8469250798225403,-0.05012740567326546,-0.0471518449485302,-0.9581651091575623,-0.06303375959396362,0.037531837821006775,-0.46741047501564026,-0.04221975803375244,0.016537750139832497,-0.6314302086830139,-0.05740158259868622,0.007673415821045637,-0.7326341867446899,-0.06359509378671646,0.0010933657176792622,-0.8259255886077881,-0.06973058730363846
B,0.0,0.0,0.0,-0.10987354815006256,-0.08704722672700882,-0.02514951303601265,-0.17621931433677673,-0.2604960501194,-0.03577350825071335,-0.17481876909732819,-0.42409661412239075,-0.0490785613656044,-0.11669643968343735,-0.4522726237773895,-0.062442608177661896,-0.10672524571418762,-0.49966540932655334,0.010765071026980877,-0.11005706340074539,-0.6861465573310852,-0.0090456148609519,-0.10801564157009125,-0.8024728298187256,-0.03473423048853874,-0.10204874724149704,-0.9116726517677307,-0.05773629993200302,-0.055278755724430084,-0.5228592157363892,-0.0015405317535623908,-0.06734048575162888,-0.7359566688537598,-0.01817437633872032,-0.06840988248586655,-0.8722609877586365,-0.040429066866636276,-0.06873183697462082,-1.0,-0.058809373527765274,-0.003338426351547241,-0.5085520148277283,-0.02102459967136383,-0.019946264103055,-0.7119376063346863,-0.03998175263404846,-0.027033241465687752,-0.8437750339508057,-0.05720452964305878,-0.03247067704796791,-0.9596073031425476,-0.07084885239601135,0.05515411123633385,-0.46253734827041626,-0.045315444469451904,0.03272441774606705,-0.6274703741073608,-0.06175214424729347,0.021171752363443375,-0.7334368824958801,-0.06959283351898193,0.011504273861646652,-0.8316313028335571,-0.07699911296367645
B,0.0,0.0,0.0,-0.1098724901676178,-0.075211301445961,-0.020176049321889877,-0.18111012876033783,-0.24323201179504395,-0.026988135650753975,-0.19053198397159576,-0.4052009582519531,-0.03800318390130997,-0.1418578177690506,-0.4447074830532074,-0.048996277153491974,-0.11749207228422165,-0.4903833270072937,0.021976277232170105,-0.12413661926984787,-0.6753597259521484,0.003621096955612302,-0.12433382123708725,-0.793179452419281,-0.021888399496674538,-0.12058820575475693,-0.902654767036438,-0.044782690703868866,-0.07165776938199997,-0.5191485285758972,0.007609405554831028,-0.08667708188295364,-0.7331430912017822,-0.008470389060676098,-0.08928613364696503,-0.8708478808403015,-0.030523937195539474,-0.09106633812189102,-1.0,-0.04834773764014244,-0.024432985112071037,-0.5093889832496643,-0.014305144548416138,-0.0456765741109848,-0.7171909809112549,-0.03324253857135773,-0.052686285227537155,-0.8467203974723816,-0.04890797659754753,-0.057807181030511856,-0.9604810476303101,-0.06100419536232948,0.030842620879411697,-0.46870189905166626,-0.04092434421181679,0.0076289395801723,-0.6391089558601379,-0.05711301043629646,-0.0032443604432046413,-0.7432278394699097,-0.06396129727363586,-0.012444608844816685,-0.8391843438148499,-0.07047382742166519
B,0.0,0.0,0.0,-0.10743913799524307,-0.06898653507232666,-0.018265267834067345,-0.18062831461429596,-0.22808925807476044,-0.025402622297406197,-0.1940310299396515,-0.38136518001556396,-0.03720138594508171,-0.1481197029352188,-0.4415346682071686,-0.048526231199502945,-0.12698344886302948,-0.49277085065841675,0.023099608719348907,-0.13810211420059204,-0.6842142343521118,0.0037031753454357386,-0.14100855588912964,-0.806725263595581,-0.02228098176419735,-0.13962902128696442,-0.918596625328064,-0.04481881856918335,-0.08499029278755188,-0.5197142362594604,0.007978645153343678,-0.1048756018280983,-0.7325966358184814,-0.008173027075827122,-0.11134970188140869,-0.8706990480422974,-0.03065500035881996,-0.11621194332838058,-1.0,-0.04869363456964493,-0.04045761749148369,-0.510678231716156,-0.014562109485268593,-0.06531121581792831,-0.7158293128013611,-0.03224537894129753,-0.07667025923728943,-0.8457530736923218,-0.047337856143713,-0.0850444883108139,-0.9589853286743164,-0.05953722074627876,0.012611438520252705,-0.4724287986755371,-0.0418035089969635,-0.014772303402423859,-0.6381416320800781,-0.05733722820878029,-0.02844645082950592,-0.7410880923271179,-0.06401249766349792,-0.03954783082008362,-0.8367815613746643,-0.07027913630008698
B,0.0,0.0,0.0,-0.11380435526371002,-0.054579030722379684,-0.02587176486849785,-0.19690321385860443,-0.213357076048851,-0.0363648384809494,-0.2148214727640152,-0.37916165590286255,-0.049608658999204636,-0.15763215720653534,-0.43281877040863037,-0.06311092525720596,-0.15503016114234924,-0.47911593317985535,0.011129280552268028,-0.16966784000396729,-0.6734901070594788,-0.010068560019135475,-0.17708516120910645,-0.7964311242103577,-0.03711720556020737,-0.18056990206241608,-0.9118750691413879,-0.06160564348101616,-0.10788040608167648,-0.5134871602058411,-0.0019254145445302129,-0.13329797983169556,-0.7318189144134521,-0.01999872550368309,-0.1444699615240097,-0.8697270750999451,-0.04346740245819092,-0.15401695668697357,-1.0,-0.06277229636907578,-0.057503554970026016,-0.5068973302841187,-0.022479768842458725,-0.08745779097080231,-0.7150344252586365,-0.0424036905169487,-0.10377690941095352,-0.8473148345947266,-0.05983724445104599,-0.11612816154956818,-0.9638702869415283,-0.07407069206237793,0.0024226487148553133,-0.46913012862205505,-0.04812004789710045,-0.030104637145996094,-0.6287435293197632,-0.0659322589635849,-0.049470607191324234,-0.7326696515083313,-0.07498940825462341,-0.06517823040485382,-0.8312537670135498,-0.08357325941324234
B,0.0,0.0,0.0,-0.11414636671543121,-0.07367715239524841,-0.030204148963093758,-0.19008874893188477,-0.24273799359798431,-0.04348945990204811,-0.18889977037906647,-0.41383734345436096,-0.05829049274325371,-0.12130630016326904,-0.45195797085762024,-0.07387557625770569,-0.13928380608558655,-0.48748916387557983,0.0015431151259690523,-0.15260185301303864,-0.6712836027145386,-0.022108064964413643,-0.1559276580810547,-0.7889752984046936,-0.05063076317310333,-0.1547912210226059,-0.9041323661804199,-0.07630544155836105,-0.08260810375213623,-0.5224466323852539,-0.010135653428733349,-0.102617047727108,-0.7350584268569946,-0.029842698946595192,-0.10889364033937454,-0.8698055148124695,-0.05469981208443642,-0.11508700996637344,-1.0,-0.07529003173112869,-0.025221513584256172,-0.5132768750190735,-0.02909017726778984,-0.04836191609501839,-0.7165691256523132,-0.051112525165081024,-0.06224687770009041,-0.8466729521751404,-0.07031068205833435,-0.07436729967594147,-0.9647499918937683,-0.08549998700618744,0.03950092941522598,-0.4680291414260864,-0.05308600887656212,0.010681670159101486,-0.6282596588134766,-0.07245654612779617,-0.005587585270404816,-0.733403742313385,-0.0819091647863388,-0.01927316002547741,-0.8336290121078491,-0.09067101031541824
B,0.0,0.0,0.0,-0.10894886404275894,-0.07830563932657242,-0.034432731568813324,-0.18183279037475586,-0.2550293207168579,-0.05030597373843193,-0.1647549867630005,-0.4200288653373718,-0.0665271207690239,-0.09141135960817337,-0.4562872052192688,-0.08324366062879562,-0.1297844648361206,-0.4964286983013153,-0.007185778114944696,-0.14150941371917725,-0.6814244389533997,-0.032923247665166855,-0.14103905856609344,-0.7992169857025146,-0.06283532083034515,-0.1359170377254486,-0.9114214777946472,-0.08901454508304596,-0.06889768689870834,-0.5265652537345886,-0.01623060740530491,-0.0865534096956253,-0.735794186592102,-0.03687208518385887,-0.09065955132246017,-0.8706982135772705,-0.06368590146303177,-0.09490719437599182,-1.0,-0.08592117577791214,-0.009411457926034927,-0.513374388217926,-0.03243361413478851,-0.02849998138844967,-0.7113124132156372,-0.054541558027267456,-0.041114456951618195,-0.8414037823677063,-0.0771011933684349,-0.053202759474515915,-0.9576011300086975,-0.09493349492549896,0.054985735565423965,-0.46541059017181396,-0.05378551781177521,0.030862698331475258,-0.6219151616096497,-0.0748058333992958,0.014568819664418697,-0.7263381481170654,-0.08736060559749603,0.0006582733476534486,-0.8247727751731873,-0.09818269312381744
B,0.0,0.0,0.0,-0.09393274784088135,-0.08591278642416,-0.041704777628183365,-0.15337613224983215,-0.2716066837310791,-0.06145374849438667,-0.1169164702296257,-0.42730364203453064,-0.07970228046178818,-0.037071797996759415,-0.434246301651001,-0.0984637439250946,-0.11569397896528244,-0.5071985721588135,-0.018016481772065163,-0.12166482210159302,-0.6938344836235046,-0.04380594193935394,-0.11619985103607178,-0.8120768070220947,-0.07363049685955048,-0.1063099205493927,-0.9228826761245728,-0.09995467960834503,-0.053635891526937485,-0.5318538546562195,-0.023440344259142876,-0.06375347822904587,-0.74150151014328,-0.04267987981438637,-0.06342370808124542,-0.8734443783760071,-0.06970071792602539,-0.06478406488895416,-1.0,-0.09290307015180588,0.00575455604121089,-0.5117212533950806,-0.03583656996488571,-0.005170952994376421,-0.7097342610359192,-0.05544230341911316,-0.013306059874594212,-0.8388503193855286,-0.0787581205368042,-0.022840039804577827,-0.9557325839996338,-0.09788256138563156,0.06649524718523026,-0.45680925250053406,-0.054039113223552704,0.04882851243019104,-0.6175629496574402,-0.07208069413900375,0.03779936209321022,-0.7235130667686462,-0.0838669165968895,0.02936026267707348,-0.8205759525299072,-0.09499287605285645
B,0.0,0.0,0.0,-0.08672779053449631,-0.09798397123813629,-0.04025324806571007,-0.12898264825344086,-0.2947799265384674,-0.05729718133807182,-0.06906554102897644,-0.4262622594833374,-0.07361409068107605,0.010718216188251972,-0.43449220061302185,-0.09099815785884857,-0.10771195590496063,-0.507986307144165,-0.017283519729971886,-0.10956811159849167,-0.6983567476272583,-0.04378938674926758,-0.10169234126806259,-0.8224533200263977,-0.073870949447155,-0.09090407192707062,-0.934231162071228,-0.09966341406106949,-0.043371930718421936,-0.5295937061309814,-0.02235625684261322,-0.050396718084812164,-0.7388863563537598,-0.04105869680643082,-0.04806714877486229,-0.873383104801178,-0.06799319386482239,-0.0464717261493206,-1.0,-0.09151197969913483,0.01759149506688118,-0.5094261169433594,-0.03446086123585701,0.010714552365243435,-0.7056340575218201,-0.051819685846567154,0.0035166924353688955,-0.8314152956008911,-0.0730668306350708,-0.004211800172924995,-0.9416123628616333,-0.09143056720495224,0.07854575663805008,-0.4601259231567383,-0.05260328948497772,0.0643356516957283,-0.6159225702285767,-0.0678161159157753,0.05206288769841194,-0.7176836133003235,-0.07691133767366409,0.04152253642678261,-0.8093356490135193,-0.08655069768428802
B,0.0,0.0,0.0,-0.08066755533218384,-0.11401300877332687,-0.04461284354329109,-0.09965112060308456,-0.32033348083496094,-0.0615861713886261,-0.02602505497634411,-0.44813665747642517,-0.07709793001413345,0.055271562188863754,-0.43983104825019836,-0.0923808217048645,-0.09214409440755844,-0.5027154088020325,-0.012638883665204048,-0.09097586572170258,-0.689995288848877,-0.03532273322343826,-0.08312132209539413,-0.8105461001396179,-0.06373109668493271,-0.07317959517240524,-0.9230544567108154,-0.08874136954545975,-0.033714260905981064,-0.5256776809692383,-0.014612392522394657,-0.03769991546869278,-0.7322912812232971,-0.030726514756679535,-0.03547188639640808,-0.8687711954116821,-0.056931328028440475,-0.0350835919380188,-1.0,-0.07948826998472214,0.021949216723442078,-0.5049275755882263,-0.024296335875988007,0.01739921234548092,-0.7017175555229187,-0.04048462212085724,0.011676669120788574,-0.8312941789627075,-0.06258449703454971,0.004855351056903601,-0.9449975490570068,-0.08058271557092667,0.08000314235687256,-0.45699840784072876,-0.0405220091342926,0.07197629660367966,-0.6169818043708801,-0.05382873862981796,0.06382935494184494,-0.7238549590110779,-0.06296081840991974,0.0560186468064785,-0.8194056153297424,-0.07226777821779251
B,0.0,0.0,0.0,-0.06573384255170822,-0.1042623445391655,-0.06292390823364258,-0.06914873421192169,-0.28846025466918945,-0.08845235407352448,-0.007292162161320448,-0.4281780421733856,-0.10812970995903015,0.06167253851890564,-0.459795743227005,-0.12487173080444336,-0.07570504397153854,-0.5013211965560913,-0.02942160703241825,-0.06307505816221237,-0.704631507396698,-0.056781694293022156,-0.0489630401134491,-0.8303050398826599,-0.08530793339014053,-0.03457348421216011,-0.9411365985870361,-0.1082366406917572,-0.021260244771838188,-0.5227004885673523,-0.02135784737765789,-0.018272539600729942,-0.7375783920288086,-0.04242971912026405,-0.009898622520267963,-0.8750459551811218,-0.06868011504411697,-0.003672856604680419,-1.0,-0.08917985111474991,0.03066929616034031,-0.503947377204895,-0.02206922508776188,0.02942756935954094,-0.7058624625205994,-0.04249021038413048,0.030713604763150215,-0.8343018889427185,-0.06297117471694946,0.030564505606889725,-0.9476388692855835,-0.07807736098766327,0.08114929497241974,-0.45705243945121765,-0.03053838200867176,0.07682716846466064,-0.6167736649513245,-0.047595467418432236,0.0726417750120163,-0.7228477597236633,-0.0574832446873188,0.06854118406772614,-0.8181936740875244,-0.06512712687253952
B,0.0,0.0,0.0,-0.059540871530771255,-0.11755745112895966,-0.06983859091997147,-0.05588793382048607,-0.29445308446884155,-0.09775231778621674,0.008229900151491165,-0.420081228017807,-0.11847075074911118,0.07604577392339706,-0.4547865688800812,-0.13529250025749207,-0.05440874770283699,-0.5136738419532776,-0.031607020646333694,-0.03624233976006508,-0.7095533013343811,-0.0599839873611927,-0.019121872261166573,-0.8317474722862244,-0.08997935056686401,-0.0015725332777947187,-0.9410220980644226,-0.11340958625078201,-0.0012624274240806699,-0.5282342433929443,-0.018808478489518166,0.00808489229530096,-0.738711416721344,-0.03941158577799797,0.018854545429348946,-0.8750649094581604,-0.0656585618853569,0.027888478711247444,-1.0,-0.086066834628582,0.04928920045495033,-0.5022119879722595,-0.015484770759940147,0.05499424412846565,-0.6986427903175354,-0.03483105078339577,0.0579538494348526,-0.820999026298523,-0.0536370575428009,0.058563537895679474,-0.9267173409461975,-0.06708648055791855,0.09957896173000336,-0.4482858180999756,-0.02076725661754608,0.10434344410896301,-0.6068639755249023,-0.035354893654584885,0.10357850044965744,-0.7093167901039124,-0.043152712285518646,0.10080886632204056,-0.7994765639305115,-0.0489886999130249
B,0.0,0.0,0.0,-0.07307460904121399,-0.11225447803735733,-0.05946526676416397,-0.07817050069570541,-0.3102676570415497,-0.07934688031673431,-0.011119457893073559,-0.43794482946395874,-0.09382248669862747,0.05784682556986809,-0.45560723543167114,-0.10450391471385956,-0.08157254755496979,-0.5166040658950806,-0.016955509781837463,-0.07076641172170639,-0.7193043828010559,-0.03695346787571907,-0.058238957077264786,-0.8385072946548462,-0.061170898377895355,-0.045811984688043594,-0.9445674419403076,-0.08137234300374985,-0.027208378538489342,-0.534186840057373,-0.00765192462131381,-0.02496008388698101,-0.7439702153205872,-0.020346350967884064,-0.019554046913981438,-0.8778797388076782,-0.042200636118650436,-0.015346206724643707,-1.0,-0.05995957553386688,0.024124065414071083,-0.5101495981216431,-0.007337912451475859,0.02053830586373806,-0.7054158449172974,-0.018640704452991486,0.01969345286488533,-0.8315024971961975,-0.0359598807990551,0.017714446410536766,-0.9422311186790466,-0.05010237172245979,0.07517080008983612,-0.45981547236442566,-0.015036636963486671,0.07005626708269119,-0.6136573553085327,-0.023372476920485497,0.06486348062753677,-0.7155856490135193,-0.029122279956936836,0.061330582946538925,-0.8091933131217957,-0.034777622669935226
B,0.0,0.0,0.0,-0.08825182914733887,-0.12823283672332764,-0.04400193691253662,-0.11683371663093567,-0.3430732190608978,-0.052135467529296875,-0.05883988365530968,-0.4906012713909149,-0.05872470512986183,0.013932938687503338,-0.5060857534408569,-0.06233979016542435,-0.1154605969786644,-0.5236746072769165,0.01522032916545868,-0.11682133376598358,-0.7233600616455078,0.004290473181754351,-0.10909327864646912,-0.8384822010993958,-0.016440289095044136,-0.10042556375265121,-0.943444013595581,-0.03542753681540489,-0.05613814294338226,-0.5464051961898804,0.018486952409148216,-0.06593718379735947,-0.7537771463394165,0.01528038177639246,-0.0651441290974617,-0.883948564529419,-0.0043221465311944485,-0.06486043334007263,-1.0,-0.02193032018840313,0.002529360121116042,-0.527113139629364,0.012232473120093346,-0.010347997769713402,-0.7209662795066833,0.007181003224104643,-0.019036157056689262,-0.8441088795661926,-0.010318397544324398,-0.029652010649442673,-0.9470791220664978,-0.02541479282081127,0.0614425428211689,-0.4849240183830261,-0.0011878220830112696,0.04627055674791336,-0.639375627040863,-0.005430284421890974,0.03180781379342079,-0.7376429438591003,-0.010149228386580944,0.01851283200085163,-0.8233280777931213,-0.015824833884835243
B,0.0,0.0,0.0,-0.10335468500852585,-0.12777046859264374,-0.03767634183168411,-0.1507568508386612,-0.3467298150062561,-0.04246580973267555,-0.0960041955113411,-0.5100463628768921,-0.04765870049595833,-0.017848514020442963,-0.5342998504638672,-0.05016383156180382,-0.14848780632019043,-0.5190445780754089,0.033468544483184814,-0.16162912547588348,-0.7127023339271545,0.026940949261188507,-0.15551365911960602,-0.8233993649482727,0.005538265686482191,-0.14697688817977905,-0.927003800868988,-0.01511301752179861,-0.08513472229242325,-0.5466146469116211,0.03368571773171425,-0.10317952185869217,-0.7521386742591858,0.03535924106836319,-0.10526010394096375,-0.8804854154586792,0.014262870885431767,-0.10768762230873108,-1.0,-0.005719279404729605,-0.02318473905324936,-0.5326212644577026,0.023836322128772736,-0.04216134548187256,-0.7277718186378479,0.022965969517827034,-0.05571311339735985,-0.8528051376342773,0.00491963280364871,-0.06791051477193832,-0.9562718272209167,-0.011844648979604244,0.044347088783979416,-0.49443572759628296,0.006992680486291647,0.022453203797340393,-0.6466737985610962,0.007345926016569138,0.0036619529128074646,-0.7461339831352234,0.004107869695872068,-0.013204092159867287,-0.834754467010498,-0.002088138135150075
B,0.0,0.0,0.0,-0.11511766910552979,-0.09993903338909149,-0.03145549073815346,-0.1830771565437317,-0.3169015645980835,-0.03854413330554962,-0.14854122698307037,-0.500893235206604,-0.047355081886053085,-0.06658647954463959,-0.5190040469169617,-0.05542588233947754,-0.17169590294361115,-0.5088149905204773,0.020531337708234787,-0.1896880716085434,-0.697757363319397,0.00814499519765377,-0.1871083378791809,-0.810828447341919,-0.014658577740192413,-0.18054626882076263,-0.9152050614356995,-0.03652382642030716,-0.10822441428899765,-0.5453127026557922,0.014050374738872051,-0.13138698041439056,-0.7493549585342407,0.008276126347482204,-0.13808028399944305,-0.8807627558708191,-0.012387819588184357,-0.14470060169696808,-1.0,-0.031207842752337456,-0.04219260439276695,-0.53867506980896,-0.0009032950038090348,-0.06636254489421844,-0.72952800989151,-0.009452475234866142,-0.0821489468216896,-0.85445237159729,-0.02703727036714554,-0.09718421846628189,-0.9593955278396606,-0.042766958475112915,0.02951708808541298,-0.5032361745834351,-0.02190522290766239,0.0017497125081717968,-0.6525635123252869,-0.02996136248111725,-0.019716542214155197,-0.7527247071266174,-0.035581134259700775,-0.039138153195381165,-0.8408151268959045,-0.042688194662332535
B,0.0,0.0,0.0,-0.11666645109653473,-0.07781576365232468,-0.03425711765885353,-0.19119314849376678,-0.28938254714012146,-0.04262871667742729,-0.16243304312229156,-0.4813641309738159,-0.05157988891005516,-0.08238588273525238,-0.5051796436309814,-0.060305751860141754,-0.17483311891555786,-0.49501287937164307,0.013167227618396282,-0.1951802372932434,-0.6864386796951294,-0.0018540071323513985,-0.19608934223651886,-0.8067176342010498,-0.027059337124228477,-0.19238799810409546,-0.9173516631126404,-0.05122218653559685,-0.11190233379602432,-0.5383704304695129,0.007366770412772894,-0.13955004513263702,-0.7460542321205139,-0.0015031014336273074,-0.1479598879814148,-0.8776121139526367,-0.024499276652932167,-0.15715919435024261,-1.0,-0.045119646936655045,-0.048814136534929276,-0.534967839717865,-0.0066390023566782475,-0.07570790499448776,-0.7286491394042969,-0.017882125452160835,-0.09295440465211868,-0.8571688532829285,-0.03675641864538193,-0.1087903156876564,-0.9688082933425903,-0.053845155984163284,0.022601746022701263,-0.5012538433074951,-0.02670280449092388,-0.00844162330031395,-0.6530740857124329,-0.0370011143386364,-0.029068641364574432,-0.7522357702255249,-0.04365359619259834,-0.04702230542898178,-0.8430815935134888,-0.051997631788253784
B,0.0,0.0,0.0,-0.10150911659002304,-0.07559140771627426,-0.039005253463983536,-0.17138370871543884,-0.24888105690479279,-0.05796126276254654,-0.13087362051010132,-0.40381187200546265,-0.07630389928817749,-0.047883160412311554,-0.44368278980255127,-0.09587166458368301,-0.15767382085323334,-0.49772191047668457,-0.017252199351787567,-0.17202812433242798,-0.6831987500190735,-0.04519431293010712,-0.17235708236694336,-0.8048841953277588,-0.07649282366037369,-0.16791225969791412,-0.9170578718185425,-0.10331318527460098,-0.09291662275791168,-0.5314657688140869,-0.02473106049001217,-0.11272571235895157,-0.7378314733505249,-0.04458707943558693,-0.11923820525407791,-0.8732108473777771,-0.07198593765497208,-0.12448234111070633,-1.0,-0.09560598433017731,-0.0283832885324955,-0.5200713276863098,-0.03939586505293846,-0.05108721926808357,-0.7143604159355164,-0.05947897955775261,-0.06659867614507675,-0.8412742018699646,-0.08228420466184616,-0.07980730384588242,-0.954848051071167,-0.10118384659290314,0.037849415093660355,-0.47597089409828186,-0.059771906584501266,0.010121427476406097,-0.6288794875144958,-0.07996296882629395,-0.00936087965965271,-0.7312734127044678,-0.09198865294456482,-0.025035366415977478,-0.8256586790084839,-0.10284821689128876
B,0.0,0.0,0.0,-0.09647282212972641,-0.07449004799127579,-0.03880644589662552,-0.1572594791650772,-0.24844886362552643,-0.059041526168584824,-0.1122160479426384,-0.39652472734451294,-0.07862476259469986,-0.03387388959527016,-0.4386456608772278,-0.100323885679245,-0.1430617719888687,-0.4767899811267853,-0.027294160798192024,-0.15521907806396484,-0.6688951253890991,-0.0590108297765255,-0.15313005447387695,-0.7955787181854248,-0.09119732677936554,-0.14688807725906372,-0.9128824472427368,-0.11806127429008484,-0.07892729341983795,-0.5114739537239075,-0.03580301254987717,-0.09615345299243927,-0.726765513420105,-0.060297299176454544,-0.09978072345256805,-0.8668539524078369,-0.08985615521669388,-0.1043926253914833,-1.0,-0.11434908211231232,-0.015661247074604034,-0.501445472240448,-0.05053587257862091,-0.035314902663230896,-0.7037496566772461,-0.0745084285736084,-0.04745495319366455,-0.8365988731384277,-0.09905679523944855,-0.05996626988053322,-0.9580302238464355,-0.11879568547010422,0.048559486865997314,-0.45908960700035095,-0.07042291015386581,0.02500067837536335,-0.6180196404457092,-0.09364624321460724,0.01011404674500227,-0.7262800335884094,-0.10687731951475143,-0.002178131602704525,-0.8267218470573425,-0.11836892366409302
B,0.0,0.0,0.0,-0.08814818412065506,-0.08492697030305862,-0.03639116883277893,-0.14076942205429077,-0.2575189173221588,-0.0572773702442646,-0.09229017794132233,-0.39030396938323975,-0.07833138853311539,-0.014559644274413586,-0.42611825466156006,-0.10163620859384537,-0.120888851583004,-0.4948771297931671,-0.025754040107131004,-0.1258242130279541,-0.6813133358955383,-0.058747440576553345,-0.12112419307231903,-0.8035540580749512,-0.09201811999082565,-0.11201205104589462,-0.9167473912239075,-0.1199735477566719,-0.057258401066064835,-0.5217918157577515,-0.03629235923290253,-0.06792877614498138,-0.7301748394966125,-0.06303960829973221,-0.06800736486911774,-0.8676868081092834,-0.09482952207326889,-0.06862159073352814,-1.0,-0.12105141580104828,0.005201452877372503,-0.5037187337875366,-0.05296756699681282,-0.009820808656513691,-0.7055882811546326,-0.07923196256160736,-0.017940115183591843,-0.8343535661697388,-0.10554073750972748,-0.026460839435458183,-0.9553316831588745,-0.1266140341758728,0.06694373488426208,-0.45076367259025574,-0.07446426898241043,0.046508464962244034,-0.6053425073623657,-0.10082877427339554,0.0341009758412838,-0.7110385298728943,-0.11647149175405502,0.02477811463177204,-0.8112233877182007,-0.1294875293970108
B,0.0,0.0,0.0,-0.09147729724645615,-0.10512328892946243,-0.03615361824631691,-0.1277414858341217,-0.3055633008480072,-0.05170907452702522,-0.06826164573431015,-0.4465788006782532,-0.06721418350934982,0.010152689181268215,-0.46197497844696045,-0.08332457393407822,-0.10893020033836365,-0.4998469650745392,-0.010898899286985397,-0.11137698590755463,-0.690667450428009,-0.03567013889551163,-0.1027030274271965,-0.8100026249885559,-0.06376457214355469,-0.09064850956201553,-0.9201902747154236,-0.08734723925590515,-0.04652975872159004,-0.5204275846481323,-0.01737002655863762,-0.05341191589832306,-0.73344886302948,-0.034452810883522034,-0.05073244124650955,-0.8713025450706482,-0.05949082598090172,-0.048494692891836166,-1.0,-0.08037479221820831,0.013061734847724438,-0.5007266402244568,-0.030656257644295692,0.0027817487716674805,-0.7040961384773254,-0.0473179966211319,-0.0026428925339132547,-0.8333250880241394,-0.06652554869651794,-0.007695981301367283,-0.9496059417724609,-0.08239299058914185,0.07314827293157578,-0.45442697405815125,-0.04948676750063896,0.05647069588303566,-0.6160833239555359,-0.06361955404281616,0.048535898327827454,-0.7195912599563599,-0.07006165385246277,0.04324875399470329,-0.8150269389152527,-0.07684561610221863
B,0.0,0.0,0.0,-0.09291120618581772,-0.1059826985001564,-0.035501208156347275,-0.13603904843330383,-0.3061140775680542,-0.05008510500192642,-0.0822378396987915,-0.44748955965042114,-0.06487923860549927,-0.002809766214340925,-0.46761611104011536,-0.08031950145959854,-0.11615116894245148,-0.48885318636894226,-0.009842482395470142,-0.11458288133144379,-0.6834287047386169,-0.034533243626356125,-0.10392728447914124,-0.8042105436325073,-0.061591070145368576,-0.09016984701156616,-0.912590503692627,-0.0835731029510498,-0.05437879636883736,-0.5103355646133423,-0.01575433649122715,-0.05876753851771355,-0.7248206734657288,-0.033162061125040054,-0.05681205913424492,-0.8678022623062134,-0.05776269733905792,-0.053597863763570786,-1.0,-0.07748711109161377,0.005205749999731779,-0.49384361505508423,-0.028450099751353264,-0.004075163044035435,-0.6948873400688171,-0.044819463044404984,-0.008291683159768581,-0.8282911777496338,-0.06405787169933319,-0.011155693791806698,-0.9469152092933655,-0.07933332771062851,0.06517001241445541,-0.45101645588874817,-0.04662236198782921,0.05134911462664604,-0.6117833852767944,-0.05990438163280487,0.04313131421804428,-0.7176058888435364,-0.06591381132602692,0.037372030317783356,-0.8148818612098694,-0.07193820923566818
B,0.0,0.0,0.0,-0.09796427935361862,-0.09429576247930527,-0.03724408149719238,-0.1480734944343567,-0.27908840775489807,-0.05538312345743179,-0.10254571586847305,-0.43301114439964294,-0.07268010824918747,-0.02635260671377182,-0.4745694696903229,-0.09009132534265518,-0.13390006124973297,-0.4829631447792053,-0.01703369803726673,-0.13668061792850494,-0.68011474609375,-0.0436420738697052,-0.12493463605642319,-0.8021093606948853,-0.07196176797151566,-0.10923175513744354,-0.913747251033783,-0.09531673789024353,-0.06903969496488571,-0.5100882053375244,-0.023114310577511787,-0.07778295874595642,-0.7259331941604614,-0.04165446013212204,-0.07465972006320953,-0.8663301467895508,-0.06727470457553864,-0.07200115919113159,-1.0,-0.08898484706878662,-0.006824457086622715,-0.4957454800605774,-0.0357227697968483,-0.016461370512843132,-0.6968173980712891,-0.05465782806277275,-0.020172908902168274,-0.82806795835495,-0.07511569559574127,-0.02363663911819458,-0.9454795718193054,-0.09200279414653778,0.059341032058000565,-0.45182111859321594,-0.053497519344091415,0.04326358437538147,-0.6153081059455872,-0.07009369134902954,0.03145856410264969,-0.7197617292404175,-0.07828952372074127,0.019491100683808327,-0.8155497312545776,-0.08626425266265869
B,0.0,0.0,0.0,-0.09765595197677612,-0.10035870224237442,-0.035925962030887604,-0.14426784217357635,-0.3057500123977661,-0.049127619713544846,-0.09315478056669235,-0.4597623944282532,-0.062277019023895264,-0.021846599876880646,-0.4970262944698334,-0.07568315416574478,-0.12240398675203323,-0.49741223454475403,-0.008136112242937088,-0.12646183371543884,-0.6941673159599304,-0.03285304084420204,-0.11515150219202042,-0.8182750344276428,-0.06014092639088631,-0.09865202754735947,-0.9291098713874817,-0.0824395939707756,-0.0584748275578022,-0.5218557119369507,-0.013471891172230244,-0.06864365190267563,-0.7369258403778076,-0.030735056847333908,-0.06405045092105865,-0.874997615814209,-0.054778434336185455,-0.05756761133670807,-1.0,-0.07455688714981079,0.0029210299253463745,-0.5070408582687378,-0.026161853224039078,-0.0066704899072647095,-0.7088302969932556,-0.04421219229698181,-0.010773591697216034,-0.8450748920440674,-0.0645545944571495,-0.013066676445305347,-0.9642648696899414,-0.08089987188577652,0.06780818849802017,-0.46479368209838867,-0.044275056570768356,0.05332418158650398,-0.6247792840003967,-0.06004505231976509,0.04312955215573311,-0.7309997081756592,-0.0684424564242363,0.03422503545880318,-0.8292647004127502,-0.07655338943004608
B,0.0,0.0,0.0,-0.09349530935287476,-0.12380500137805939,-0.03432402014732361,-0.1284601390361786,-0.3259943425655365,-0.047029487788677216,-0.06847666949033737,-0.4657554626464844,-0.06035265699028969,0.006732307840138674,-0.48450228571891785,-0.07437529414892197,-0.09513431042432785,-0.5070731043815613,-0.0012978536542505026,-0.09337746351957321,-0.6974166631698608,-0.024633629247546196,-0.08247987926006317,-0.8175223469734192,-0.05242417752742767,-0.06794752180576324,-0.9263879656791687,-0.07571226358413696,-0.031141748651862144,-0.524913489818573,-0.008359666913747787,-0.029561733826994896,-0.7359698414802551,-0.025084281340241432,-0.020541679114103317,-0.8725749850273132,-0.051381029188632965,-0.012673866003751755,-1.0,-0.0729983001947403,0.027844708412885666,-0.5043544173240662,-0.022854700684547424,0.026721756905317307,-0.7024320363998413,-0.04019136354327202,0.027289509773254395,-0.8370629549026489,-0.061656318604946136,0.026861602440476418,-0.9559740424156189,-0.07869911938905716,0.08803322166204453,-0.45610710978507996,-0.04275590181350708,0.07842233031988144,-0.61922687292099,-0.05695071443915367,0.07356660068035126,-0.7286238074302673,-0.06444112956523895,0.07013781368732452,-0.827829897403717,-0.07203727215528488
B,0.0,0.0,0.0,-0.08990239351987839,-0.1274494081735611,-0.03523185849189758,-0.12116269767284393,-0.3312714993953705,-0.04924728348851204,-0.05933225527405739,-0.4698890745639801,-0.06355690211057663,0.019212966784834862,-0.4856501817703247,-0.07841470092535019,-0.09606803208589554,-0.5063090920448303,-0.004615840036422014,-0.09085633605718613,-0.7013280391693115,-0.027753833681344986,-0.0749547928571701,-0.8188633322715759,-0.05559653788805008,-0.05577400326728821,-0.9260793328285217,-0.07929691672325134,-0.0315224789083004,-0.5228350162506104,-0.010818243026733398,-0.02892857976257801,-0.7348623275756836,-0.02686707116663456,-0.01934218779206276,-0.8699824810028076,-0.05423584207892418,-0.01173776388168335,-1.0,-0.07749064266681671,0.027801498770713806,-0.5001142621040344,-0.0241354051977396,0.029369506984949112,-0.69636470079422,-0.0399547778069973,0.030202368274331093,-0.8296418786048889,-0.06220617890357971,0.03002789244055748,-0.9486292004585266,-0.08079621195793152,0.089408740401268,-0.4500856101512909,-0.042909469455480576,0.08148860931396484,-0.6117987036705017,-0.05559603497385979,0.07682570070028305,-0.717467188835144,-0.06358643621206284,0.07247690111398697,-0.813499927520752,-0.07228260487318039
B,0.0,0.0,0.0,-0.09478568285703659,-0.11141019314527512,-0.03830450400710106,-0.1368427276611328,-0.31189391016960144,-0.05298148840665817,-0.08376090973615646,-0.46348047256469727,-0.06746815890073776,-0.005141491070389748,-0.4862580895423889,-0.0820375382900238,-0.11399912089109421,-0.48886755108833313,-0.0066070593893527985,-0.1154002696275711,-0.6783314347267151,-0.030160831287503242,-0.10272475332021713,-0.7967472076416016,-0.0579393170773983,-0.08636249601840973,-0.907471776008606,-0.0819920152425766,-0.050748951733112335,-0.5171764492988586,-0.012033392675220966,-0.05599348992109299,-0.728044867515564,-0.028328005224466324,-0.04961073771119118,-0.8670646548271179,-0.0541471429169178,-0.04380032792687416,-1.0,-0.07648240029811859,0.009530278854072094,-0.5005978941917419,-0.025127654895186424,0.0035888063721358776,-0.6976515054702759,-0.04306183010339737,0.0023226283956319094,-0.8314715623855591,-0.06545336544513702,0.0003580320335458964,-0.9511159062385559,-0.0837724432349205,0.07230805605649948,-0.45361411571502686,-0.04390772432088852,0.05861043557524681,-0.6115151643753052,-0.06020623445510864,0.05009040609002113,-0.7175067663192749,-0.07038167864084244,0.04317815229296684,-0.812744140625,-0.08027838170528412
B,0.0,0.0,0.0,-0.1015813797712326,-0.0856238380074501,-0.03769957646727562,-0.16229240596294403,-0.2791042923927307,-0.053098320960998535,-0.12400047481060028,-0.44653040170669556,-0.06815388798713684,-0.04436366632580757,-0.4871129095554352,-0.08366352319717407,-0.14147081971168518,-0.49110716581344604,-0.011053735390305519,-0.1526264250278473,-0.6819232106208801,-0.03537534922361374,-0.14738729596138,-0.8004286885261536,-0.06407126039266586,-0.13844305276870728,-0.910489022731781,-0.08949447423219681,-0.07676118612289429,-0.5252496004104614,-0.017662303522229195,-0.09347451478242874,-0.7369384765625,-0.035493578761816025,-0.09530356526374817,-0.8721922636032104,-0.0627637654542923,-0.09802133589982986,-1.0,-0.0866364911198616,-0.01480473205447197,-0.5130245685577393,-0.03136191889643669,-0.03186850994825363,-0.7117897272109985,-0.051070235669612885,-0.042097676545381546,-0.8444501161575317,-0.07511074095964432,-0.05226773023605347,-0.961120069026947,-0.0952533707022667,0.05029552802443504,-0.4688902497291565,-0.05039625242352486,0.028824124485254288,-0.6247354745864868,-0.06958932429552078,0.01344502903521061,-0.7303158640861511,-0.08235466480255127,-0.00042549456702545285,-0.8258379697799683,-0.09434916824102402
B,0.0,0.0,0.0,-0.10331976413726807,-0.06663142144680023,-0.04256656393408775,-0.1710144579410553,-0.24570077657699585,-0.06129899621009827,-0.13797402381896973,-0.4182060956954956,-0.07849915325641632,-0.06175529584288597,-0.4713349938392639,-0.09642044454813004,-0.15435747802257538,-0.4716866612434387,-0.020639674738049507,-0.1712411791086197,-0.6652215123176575,-0.04900917783379555,-0.16941238939762115,-0.7913252711296082,-0.08041612803936005,-0.16329404711723328,-0.9101881384849548,-0.1075446829199791,-0.09028393030166626,-0.5123431086540222,-0.02566121332347393,-0.11399950087070465,-0.7261485457420349,-0.04654689133167267,-0.11986225843429565,-0.8642680048942566,-0.07508043199777603,-0.12728700041770935,-1.0,-0.09988812357187271,-0.027958882972598076,-0.50748211145401,-0.037869054824113846,-0.05148990824818611,-0.7056233286857605,-0.0596938356757164,-0.06631823629140854,-0.8373419642448425,-0.08349841833114624,-0.08044718950986862,-0.9578665494918823,-0.10345885902643204,0.039154428988695145,-0.4713563621044159,-0.055829767137765884,0.010604213923215866,-0.6283441781997681,-0.07696293294429779,-0.007186948787420988,-0.7321236729621887,-0.0899495780467987,-0.02285771630704403,-0.8287131190299988,-0.10196061432361603
B,0.0,0.0,0.0,-0.0998288169503212,-0.066434845328331,-0.03911793231964111,-0.16729851067066193,-0.2377716302871704,-0.05916060507297516,-0.1362002193927765,-0.4080875515937805,-0.07834571599960327,-0.057806286960840225,-0.4535864293575287,-0.09898728132247925,-0.15245641767978668,-0.46617552638053894,-0.023633157834410667,-0.16728904843330383,-0.6576685309410095,-0.05426054447889328,-0.1667810082435608,-0.78383469581604,-0.08687740564346313,-0.1621796190738678,-0.9023808836936951,-0.11491535604000092,-0.09040044993162155,-0.5052713751792908,-0.03154608607292175,-0.1101144328713417,-0.7226622104644775,-0.05556182563304901,-0.1150464117527008,-0.8634271621704102,-0.08504047244787216,-0.12154337763786316,-1.0,-0.11005789786577225,-0.029169609770178795,-0.4996602535247803,-0.04587060213088989,-0.04947451874613762,-0.7008342742919922,-0.06990518420934677,-0.06253507733345032,-0.8329097032546997,-0.09397097676992416,-0.07543374598026276,-0.9532454609870911,-0.11377786099910736,0.037114616483449936,-0.46197426319122314,-0.06550143659114838,0.0118826013058424,-0.6178786158561707,-0.0876530259847641,-0.005394254345446825,-0.7201759219169617,-0.10068418085575104,-0.021597739309072495,-0.8130205869674683,-0.11267384141683578
B,0.0,0.0,0.0,-0.1001768559217453,-0.06375957280397415,-0.03981395438313484,-0.17015208303928375,-0.2317308485507965,-0.06069817766547203,-0.13991159200668335,-0.4008592367172241,-0.08088294416666031,-0.06445831060409546,-0.44103580713272095,-0.10326609760522842,-0.15261761844158173,-0.46296024322509766,-0.027158305048942566,-0.17096728086471558,-0.6555447578430176,-0.06007375940680504,-0.17231900990009308,-0.7853731513023376,-0.09385090321302414,-0.16925959289073944,-0.9055136442184448,-0.12239911407232285,-0.0902305468916893,-0.5033659338951111,-0.0357508510351181,-0.11215343326330185,-0.722515344619751,-0.062181152403354645,-0.1190812885761261,-0.8644302487373352,-0.09272132813930511,-0.12747901678085327,-1.0,-0.11820376664400101,-0.029412956908345222,-0.4988562762737274,-0.05079859867691994,-0.05244876444339752,-0.7036830186843872,-0.07681454718112946,-0.06841457635164261,-0.835750937461853,-0.10183777660131454,-0.08273191004991531,-0.9541464447975159,-0.12195605039596558,0.036066934466362,-0.46164584159851074,-0.07124265283346176,0.00875411182641983,-0.6203721761703491,-0.09509264677762985,-0.01088385097682476,-0.7260887622833252,-0.10949992388486862,-0.02865627408027649,-0.8211814761161804,-0.12237255275249481
B,0.0,0.0,0.0,-0.09490519762039185,-0.08914337307214737,-0.03626255691051483,-0.158879354596138,-0.26637178659439087,-0.05380067974328995,-0.12259052693843842,-0.4213101267814636,-0.07186079025268555,-0.04607515409588814,-0.45524463057518005,-0.09106075018644333,-0.13156601786613464,-0.4938182830810547,-0.014845572412014008,-0.140242338180542,-0.6844683289527893,-0.04365481808781624,-0.13517969846725464,-0.8022735714912415,-0.0738876461982727,-0.12668301165103912,-0.9103817939758301,-0.09918121248483658,-0.07013767957687378,-0.5223607420921326,-0.024316882714629173,-0.08271592855453491,-0.7344521284103394,-0.04630309343338013,-0.08326464146375656,-0.8718941807746887,-0.07229503244161606,-0.08385052531957626,-1.0,-0.09354661405086517,-0.009670941159129143,-0.5077067613601685,-0.04100336506962776,-0.026267878711223602,-0.7060137391090393,-0.06278468668460846,-0.035487111657857895,-0.8371478915214539,-0.08336034417152405,-0.04374101758003235,-0.9576727151870728,-0.09953153133392334,0.052433229982852936,-0.46163976192474365,-0.06329955905675888,0.029933933168649673,-0.6246508359909058,-0.08294753730297089,0.016042282804846764,-0.7333398461341858,-0.09250765293836594,0.0050381808541715145,-0.8335861563682556,-0.10098376870155334
B,0.0,0.0,0.0,-0.09182028472423553,-0.10726476460695267,-0.03916485235095024,-0.13143666088581085,-0.31085631251335144,-0.056406959891319275,-0.07431280612945557,-0.4531570374965668,-0.07310546189546585,0.004586182534694672,-0.45839232206344604,-0.09041204303503036,-0.09906737506389618,-0.5071894526481628,-0.013561171479523182,-0.09499822556972504,-0.6913697719573975,-0.040088679641485214,-0.08142256736755371,-0.8085013031959534,-0.06982732564210892,-0.06339700520038605,-0.9183992743492126,-0.09530600905418396,-0.03599623590707779,-0.523455798625946,-0.019595051184296608,-0.03604074567556381,-0.7293553948402405,-0.03968812897801399,-0.027184007689356804,-0.8674015402793884,-0.06626500934362411,-0.018574755638837814,-1.0,-0.08840011060237885,0.023954734206199646,-0.4978647828102112,-0.03305371105670929,0.021193386986851692,-0.6943402886390686,-0.053793590515851974,0.021436147391796112,-0.8272849917411804,-0.07638613879680634,0.02102152444422245,-0.9493752121925354,-0.09442365914583206,0.08393090963363647,-0.44383329153060913,-0.05218367278575897,0.07356049865484238,-0.6014307737350464,-0.07162429392337799,0.06817251443862915,-0.709652841091156,-0.08311473578214645,0.06450957804918289,-0.8120113611221313,-0.09348266571760178
B,0.0,0.0,0.0,-0.09585799276828766,-0.10305273532867432,-0.039198294281959534,-0.13633862137794495,-0.29307979345321655,-0.05604540556669235,-0.08251842856407166,-0.43301254510879517,-0.07202309370040894,-0.010623051784932613,-0.47348397970199585,-0.08881495893001556,-0.1134277731180191,-0.4726540148258209,-0.017345651984214783,-0.11404932290315628,-0.6687299609184265,-0.045895155519247055,-0.1001824215054512,-0.7924192547798157,-0.07524828612804413,-0.08261752873659134,-0.9055724143981934,-0.09882684051990509,-0.047811198979616165,-0.4979683458805084,-0.02231583744287491,-0.049446865916252136,-0.716372013092041,-0.043593887239694595,-0.04193698614835739,-0.8610885739326477,-0.07179500162601471,-0.03524276241660118,-1.0,-0.0947781652212143,0.012454275973141193,-0.48271772265434265,-0.03417022153735161,0.006114428862929344,-0.6855781674385071,-0.05557193607091904,0.003974411636590958,-0.8205568194389343,-0.07813849300146103,0.003493978176265955,-0.9426165819168091,-0.09593348205089569,0.07502678036689758,-0.4397966265678406,-0.05126484856009483,0.062184303998947144,-0.6018144488334656,-0.06906971335411072,0.05593932792544365,-0.7059096097946167,-0.07797277718782425,0.051467303186655045,-0.8030731081962585,-0.08649609237909317
B,0.0,0.0,0.0,-0.09539835900068283,-0.10095327347517014,-0.037439972162246704,-0.1434754729270935,-0.29697665572166443,-0.05286381393671036,-0.09627866744995117,-0.4468817114830017,-0.06779547035694122,-0.017588913440704346,-0.4757896959781647,-0.08260039985179901,-0.11959932744503021,-0.4961931109428406,-0.007931487634778023,-0.12147501856088638,-0.6848593950271606,-0.0319383479654789,-0.10981982201337814,-0.8030932545661926,-0.059679191559553146,-0.09412015974521637,-0.912958025932312,-0.08333824574947357,-0.05650456249713898,-0.5188975930213928,-0.0137212835252285,-0.06287883222103119,-0.7277498245239258,-0.030702143907546997,-0.057543396949768066,-0.8662462830543518,-0.05638670548796654,-0.05255502834916115,-1.0,-0.0780191496014595,0.0036532918456941843,-0.4983259439468384,-0.026911133900284767,-0.004690939094871283,-0.6943692564964294,-0.045165810734033585,-0.006871038116514683,-0.826457142829895,-0.06595547497272491,-0.008147655986249447,-0.9462466239929199,-0.08286590874195099,0.06753211468458176,-0.4488231837749481,-0.045553792268037796,0.051666948944330215,-0.6078084707260132,-0.06146896630525589,0.042971305549144745,-0.7113801836967468,-0.06966585665941238,0.03614819422364235,-0.8080352544784546,-0.07782445102930069
B,0.0,0.0,0.0,-0.10055249184370041,-0.08905517309904099,-0.04052884504199028,-0.15732736885547638,-0.2868014872074127,-0.056916408240795135,-0.11475365608930588,-0.44960635900497437,-0.07185731828212738,-0.030826270580291748,-0.4738951623439789,-0.08702895790338516,-0.13006356358528137,-0.49552595615386963,-0.014603201299905777,-0.1367005556821823,-0.6848634481430054,-0.037526682019233704,-0.12925244867801666,-0.8030780553817749,-0.06443966180086136,-0.11759764701128006,-0.9148961305618286,-0.08866414427757263,-0.06592249870300293,-0.5231590867042542,-0.019053345546126366,-0.07669486105442047,-0.7322578430175781,-0.03552763909101486,-0.07472457736730576,-0.8683536052703857,-0.061021674424409866,-0.07383260130882263,-1.0,-0.0833984836935997,-0.004800641443580389,-0.5044576525688171,-0.030626283958554268,-0.016070866957306862,-0.6993914246559143,-0.04916847124695778,-0.022440796718001366,-0.8306567668914795,-0.07277107983827591,-0.02847643755376339,-0.9487407803535461,-0.09240210056304932,0.05865410715341568,-0.4558465778827667,-0.04766874015331268,0.040436021983623505,-0.6115738749504089,-0.06595037132501602,0.030427131801843643,-0.7145540118217468,-0.07825631648302078,0.023109909147024155,-0.8097648024559021,-0.08980465680360794
B,0.0,0.0,0.0,-0.10285361856222153,-0.08110849559307098,-0.040536604821681976,-0.16549216210842133,-0.26487496495246887,-0.058397602289915085,-0.12601344287395477,-0.42724189162254333,-0.07471628487110138,-0.047996968030929565,-0.4780135154724121,-0.09180090576410294,-0.14133010804653168,-0.47777435183525085,-0.020307887345552444,-0.15105560421943665,-0.6685305237770081,-0.04791535064578056,-0.14592419564723969,-0.7921633124351501,-0.07831265777349472,-0.13710977137088776,-0.9081888794898987,-0.10416092723608017,-0.07613522559404373,-0.512937068939209,-0.025852015241980553,-0.09104947000741959,-0.728299617767334,-0.045644134283065796,-0.09217234700918198,-0.8666039109230042,-0.07380042225122452,-0.09547862410545349,-1.0,-0.09819458425045013,-0.014270948246121407,-0.5032020807266235,-0.038127925246953964,-0.028087038546800613,-0.7026023268699646,-0.05813014507293701,-0.036643195897340775,-0.8364690542221069,-0.08153872191905975,-0.04551209881901741,-0.9552388787269592,-0.10120723396539688,0.05033619701862335,-0.4624502956867218,-0.055910490453243256,0.029800090938806534,-0.6207101941108704,-0.07399704307317734,0.018091043457388878,-0.7270348072052002,-0.08498159050941467,0.008619874715805054,-0.8233926892280579,-0.09578971564769745
